# Host: localhost  (Version: 5.5.53)
# Date: 2017-10-15 13:30:28
# Generator: MySQL-Front 5.3  (Build 4.234)

/*!40101 SET NAMES utf8 */;

#
# Structure for table "tb_teachinginfo"
#

DROP TABLE IF EXISTS `tb_teachinginfo`;
CREATE TABLE `tb_teachinginfo` (
  `tea_id` int(11) NOT NULL AUTO_INCREMENT,
  `tea_name` varchar(50) NOT NULL,
  `tea_class` varchar(50) NOT NULL,
  `tea_cou` varchar(50) NOT NULL,
  `tea_hour` int(11) NOT NULL,
  `tea_term` varchar(50) NOT NULL,
  PRIMARY KEY (`tea_id`)
) ENGINE=MyISAM AUTO_INCREMENT=71 DEFAULT CHARSET=utf8;

#
# Data for table "tb_teachinginfo"
#

/*!40000 ALTER TABLE `tb_teachinginfo` DISABLE KEYS */;
INSERT INTO `tb_teachinginfo` VALUES (24,'老杨','网络1452','tompat',25,'2016-2017-2'),(25,'田晓玲','网络1431','c语言',20,'2016-2017-2'),(26,'田晓玲','会计1532','cs6',20,'2016-2017-2'),(28,'田晓玲','网络1431','c语言',12,'2016-2017-2'),(31,'天马行空','网络1431','java',30,'2017-2018-2'),(32,'天马行空','网络1431','网络推广',20,'2016-2017-2'),(33,'杨民峰','网络1431','c语言',20,'2016-2017-2'),(34,'杨民峰','网络1431','网络推广',20,'2016-2017-2'),(36,'杨民峰','网络1431','网络推广',29,'2016-2017-2'),(55,'天马行空','网络1431','c语言',22,'2017-2018-2'),(56,'杨民峰','网络1431','网络推广',22,'2016-2018-2'),(57,'杨民峰','网络1431','java',22,'2017-2018-2'),(60,'杨民峰','网络3254','网络推广',22,'2017-2018-2'),(61,'田晓玲','网络1431','网络推广',22,'2016-2017-2'),(63,'田晓玲','网络1431','网络推广',22,'2017-2018-2'),(65,'田晓玲','网络1532','网络1431',40,'2017-2018-2'),(66,'田晓玲','网络1431','java',30,'2017-2018-2'),(67,'杨民峰','网络1532','网络推广',30,'2017-2018-2'),(68,'田晓玲','网络1731','计算机',30,'2017-2018-2'),(69,'田晓玲','豆腐干','c语言',40,'2018-2019-2'),(70,'孙秀娟','网络1732','网页设计',30,'2017-2018-2');
/*!40000 ALTER TABLE `tb_teachinginfo` ENABLE KEYS */;

#
# Structure for table "tb_teachingplaninfo"
#

DROP TABLE IF EXISTS `tb_teachingplaninfo`;
CREATE TABLE `tb_teachingplaninfo` (
  `tp_id` int(11) NOT NULL AUTO_INCREMENT,
  `tea_id` int(11) NOT NULL,
  `tp_content` varchar(500) NOT NULL,
  `tp_time` varchar(50) NOT NULL,
  `tp_kewai` varchar(255) DEFAULT NULL COMMENT '课外作业',
  PRIMARY KEY (`tp_id`)
) ENGINE=InnoDB AUTO_INCREMENT=1312 DEFAULT CHARSET=utf8;

#
# Data for table "tb_teachingplaninfo"
#

INSERT INTO `tb_teachingplaninfo` VALUES (587,24,'吃饭','2017-02-27',NULL),(588,24,'2017-03-03','2017-03-03',NULL),(589,24,'2017-03-06','2017-03-06',NULL),(590,24,'2017-03-10','2017-03-10',NULL),(591,24,'2017-03-13','2017-03-13',NULL),(592,24,'2017-03-17','2017-03-17',NULL),(593,24,'无','2017-03-20',NULL),(594,24,'2017-03-24','2017-03-24',NULL),(595,24,'2017-03-27','2017-03-27',NULL),(596,24,'2017-03-31','2017-03-31',NULL),(597,24,'2017-04-10','2017-04-10',NULL),(598,24,'2017-04-14','2017-04-14',NULL),(599,24,'2017-04-17','2017-04-17',NULL),(600,24,'2017-04-21','2017-04-21',NULL),(601,24,'2017-04-24','2017-04-24',NULL),(602,24,'2017-04-28','2017-04-28',NULL),(603,24,'2017-05-01','2017-05-01',NULL),(604,24,'2017-05-05','2017-05-05',NULL),(605,24,'2017-05-08','2017-05-08',NULL),(606,24,'2017-05-12','2017-05-12',NULL),(607,24,'2017-05-15','2017-05-15',NULL),(608,24,'2017-05-19','2017-05-19',NULL),(609,24,'2017-05-22','2017-05-22',NULL),(610,24,'2017-05-26','2017-05-26',NULL),(611,25,'吃饭','2017-02-27',NULL),(612,25,'2017-03-01','2017-03-01',NULL),(613,25,'2017-03-03','2017-03-03',NULL),(614,25,'2017-03-06','2017-03-06',NULL),(615,25,'哈哈','2017-03-08',NULL),(616,25,'2017-03-10','2017-03-10',NULL),(617,25,'2017-03-13','2017-03-13',NULL),(618,25,'2017-03-15','2017-03-15',NULL),(619,25,'2017-03-17','2017-03-17',NULL),(620,25,'哈哈','2017-03-20',NULL),(621,25,'2017-03-22','2017-03-22',NULL),(622,25,'2017-03-24','2017-03-24',NULL),(623,25,'2017-04-03','2017-04-03',NULL),(624,25,'2017-04-05','2017-04-05',NULL),(625,25,'2017-04-07','2017-04-07',NULL),(626,25,'2017-04-10','2017-04-10',NULL),(627,25,'2017-04-12','2017-04-12',NULL),(628,25,'2017-04-14','2017-04-14',NULL),(629,26,'计算器','2017-02-27',NULL),(630,26,'2017-03-01','2017-03-01',NULL),(631,26,'2017-03-03','2017-03-03',NULL),(632,26,'电脑','2017-03-06',NULL),(633,26,'2017-03-08','2017-03-08',NULL),(634,26,'2017-03-10','2017-03-10',NULL),(635,26,'2017-03-13','2017-03-13',NULL),(636,26,'2017-03-15','2017-03-15',NULL),(637,26,'2017-03-17','2017-03-17',NULL),(638,26,'2017-03-20','2017-03-20',NULL),(639,26,'2017-03-22','2017-03-22',NULL),(640,26,'2017-03-24','2017-03-24',NULL),(641,26,'2017-03-27','2017-03-27',NULL),(642,26,'2017-03-29','2017-03-29',NULL),(643,26,'2017-03-31','2017-03-31',NULL),(644,26,'哈哈','2017-04-10',NULL),(645,26,'2017-04-12','2017-04-12',NULL),(646,26,'2017-04-14','2017-04-14',NULL),(668,28,'啊郭德纲','2017-03-06','的首发式地方'),(669,28,'士大夫敢死','2017-03-07','重新更新'),(670,28,'先初步形成v不','2017-03-10','地方官大使馆'),(671,28,'2017-03-13','2017-03-13','哈哈'),(672,28,'2017-03-14','2017-03-14','发的是公司'),(673,28,'下次v不惜成本vv下次','2017-03-17',''),(674,28,'2017-03-20','2017-03-20',''),(675,28,'发生的故事的风格十分带感','2017-03-21',''),(676,28,'2017-03-24','2017-03-24',''),(677,28,'法山豆根','2017-03-27',''),(678,28,'2017-03-28','2017-03-28',''),(679,28,'收费的广泛','2017-03-31',''),(740,31,'第三方','2017-08-28','发大水个'),(741,31,'范德萨','2017-08-29','2017-08-29'),(742,31,'2017-09-01','2017-09-01','2017-09-01'),(743,31,'表现出','2017-09-04','富商大贾'),(744,31,'2017-09-05','2017-09-05','2017-09-05'),(745,31,'2017-09-08','2017-09-08','2017-09-08'),(746,31,'2017-09-11','2017-09-11','2017-09-11'),(747,31,'2017-09-12','2017-09-12','2017-09-12'),(748,31,'2017-09-15','2017-09-15','2017-09-15'),(749,31,'2017-09-18','2017-09-18','2017-09-18'),(750,31,'2017-09-19','2017-09-19','2017-09-19'),(751,31,'2017-09-22','2017-09-22','2017-09-22'),(752,31,'2017-10-02','2017-10-02','2017-10-02'),(753,31,'犯得上广泛','2017-10-03','发电工单是否给'),(754,31,'2017-10-06','2017-10-06','2017-10-06'),(755,31,'2017-10-09','2017-10-09','2017-10-09'),(756,31,'2017-10-10','2017-10-10','2017-10-10'),(757,31,'2017-10-13','2017-10-13','2017-10-13'),(758,31,'2017-10-16','2017-10-16','2017-10-16'),(759,31,'2017-10-17','2017-10-17','2017-10-17'),(760,31,'2017-10-20','2017-10-20','2017-10-20'),(761,31,'2017-10-23','2017-10-23','2017-10-23'),(762,31,'2017-10-24','2017-10-24','2017-10-24'),(763,31,'2017-10-27','2017-10-27','2017-10-27'),(764,31,'2017-10-30','2017-10-30','2017-10-30'),(765,31,'2017-10-31','2017-10-31','2017-10-31'),(766,31,'2017-11-03','2017-11-03','2017-11-03'),(767,31,'2017-11-06','2017-11-06','2017-11-06'),(768,31,'2017-11-07','2017-11-07','2017-11-07'),(769,31,'2017-11-10','2017-11-10','2017-11-10'),(770,32,'幅度高达','2017-02-27',''),(771,32,'2017-03-01','2017-03-01',''),(772,32,'2017-03-13','2017-03-13',''),(773,32,'2017-03-15','2017-03-15',''),(774,32,'2017-03-20','2017-03-20',''),(775,32,'2017-03-22','2017-03-22',''),(776,32,'2017-03-27','2017-03-27',''),(777,32,'2017-03-29','2017-03-29',''),(778,32,'那边没那么忙','2017-04-03',''),(779,32,'2017-04-05','2017-04-05',''),(780,32,'2017-04-10','2017-04-10',''),(781,32,'2017-04-12','2017-04-12',''),(782,32,'2017-04-17','2017-04-17',''),(783,32,'2017-04-19','2017-04-19',''),(784,32,'2017-04-24','2017-04-24',''),(785,32,'2017-04-26','2017-04-26',''),(786,32,'弄不明白','2017-05-01',''),(787,32,'2017-05-03','2017-05-03',''),(788,32,'2017-05-08','2017-05-08',''),(789,32,'2017-05-10','2017-05-10',''),(790,33,'2017-02-27','2017-02-27','2017-02-27'),(791,33,'2017-02-28','2017-02-28','2017-02-28'),(792,33,'2017-03-06','2017-03-06','2017-03-06'),(793,33,'和规范化','2017-03-07','风格'),(794,33,'2017-03-13','2017-03-13','2017-03-13'),(795,33,'2017-03-14','2017-03-14','2017-03-14'),(796,33,'2017-03-27','2017-03-27','2017-03-27'),(797,33,'2017-03-28','2017-03-28','2017-03-28'),(798,33,'2017-04-03','2017-04-03','2017-04-03'),(799,33,'2017-04-04','2017-04-04','2017-04-04'),(800,33,'2017-04-10','2017-04-10','2017-04-10'),(801,33,'规范化','2017-04-11','是个人特色人'),(802,33,'2017-04-17','2017-04-17','2017-04-17'),(803,33,'2017-04-18','2017-04-18','2017-04-18'),(804,33,'2017-04-24','2017-04-24','2017-04-24'),(805,33,'2017-04-25','2017-04-25','2017-04-25'),(806,33,'2017-05-01','2017-05-01','2017-05-01'),(807,33,'2017-05-02','2017-05-02','2017-05-02'),(808,33,'2017-05-08','2017-05-08','2017-05-08'),(809,33,'2017-05-09','2017-05-09','2017-05-09'),(810,34,'2017-02-27','2017-02-27','2017-02-27'),(811,34,'发的是公司','2017-02-28','发大水个但是'),(812,34,'2017-03-03','2017-03-03','2017-03-03'),(813,34,'2017-03-06','2017-03-06','2017-03-06'),(814,34,'2017-03-07','2017-03-07','2017-03-07'),(815,34,'2017-03-10','2017-03-10','2017-03-10'),(816,34,'发大水个','2017-03-13','豆腐干豆腐干'),(817,34,'2017-03-14','2017-03-14','2017-03-14'),(818,34,'2017-03-17','2017-03-17','2017-03-17'),(819,34,'2017-03-20','2017-03-20','2017-03-20'),(820,34,'2017-03-21','2017-03-21','2017-03-21'),(821,34,'2017-03-24','2017-03-24','2017-03-24'),(822,34,'2017-03-27','2017-03-27','2017-03-27'),(823,34,'2017-03-28','2017-03-28','2017-03-28'),(824,34,'2017-03-31','2017-03-31','2017-03-31'),(825,34,'大范甘迪','2017-04-10','非官方大哥'),(826,34,'2017-04-11','2017-04-11','2017-04-11'),(827,34,'2017-04-14','2017-04-14','2017-04-14'),(828,36,'的萨芬','2017-02-27','2017-02-27'),(829,36,'2017-03-03','2017-03-03','2017-03-03'),(830,36,'2017-03-06','2017-03-06','2017-03-06'),(831,36,'2017-03-10','2017-03-10','发大水个'),(832,36,'2017-03-13','2017-03-13','2017-03-13'),(833,36,'2017-03-17','2017-03-17','2017-03-17'),(834,36,'2017-03-27','2017-03-27','2017-03-27'),(835,36,'2017-03-31','2017-03-31','岁的法国'),(836,36,'2017-04-03','2017-04-03','2017-04-03'),(837,36,'富商大贾','2017-04-07','2017-04-07'),(838,36,'2017-04-10','2017-04-10','2017-04-10'),(839,36,'2017-04-14','2017-04-14','2017-04-14'),(840,36,'2017-04-17','2017-04-17','2017-04-17'),(841,36,'2017-04-21','2017-04-21','2017-04-21'),(842,36,'2017-04-24','2017-04-24','2017-04-24'),(843,36,'2017-04-28','2017-04-28','2017-04-28'),(844,36,'2017-05-01','2017-05-01','2017-05-01'),(845,36,'2017-05-05','2017-05-05','2017-05-05'),(846,36,'2017-05-08','2017-05-08','2017-05-08'),(847,36,'2017-05-12','2017-05-12','2017-05-12'),(848,36,'2017-05-15','2017-05-15','2017-05-15'),(849,36,'2017-05-19','2017-05-19','2017-05-19'),(850,36,'2017-05-22','2017-05-22','2017-05-22'),(851,36,'2017-05-26','2017-05-26','2017-05-26'),(852,36,'2017-05-29','2017-05-29','2017-05-29'),(853,36,'2017-06-02','2017-06-02','2017-06-02'),(854,36,'2017-06-05','2017-06-05','2017-06-05'),(855,36,'2017-06-09','2017-06-09','2017-06-09'),(924,55,'水电费','2017-08-28','2017-08-28'),(925,55,'2017-08-31','2017-08-31','2017-08-31'),(926,55,'2017-09-04','2017-09-04','2017-09-04'),(927,55,'2017-09-07','2017-09-07','2017-09-07'),(928,55,'2017-09-11','2017-09-11','2017-09-11'),(929,55,'2017-09-14','2017-09-14','2017-09-14'),(930,55,'2017-09-18','2017-09-18','2017-09-18'),(931,55,'2017-09-21','2017-09-21','大师傅'),(932,55,'2017-10-02','2017-10-02','2017-10-02'),(933,55,'2017-10-05','2017-10-05','2017-10-05'),(934,55,'2017-10-09','2017-10-09','2017-10-09'),(935,55,'2017-10-12','2017-10-12','2017-10-12'),(936,55,'2017-10-16','2017-10-16','2017-10-16'),(937,55,'2017-10-19','2017-10-19','2017-10-19'),(938,55,'2017-10-23','2017-10-23','2017-10-23'),(939,55,'电视费','2017-10-26','2017-10-26'),(940,55,'2017-10-30','2017-10-30','2017-10-30'),(941,55,'2017-11-02','2017-11-02','史蒂芬孙多发点'),(942,55,'2017-11-06','2017-11-06','2017-11-06'),(943,55,'2017-11-09','2017-11-09','2017-11-09'),(944,55,'2017-11-13','2017-11-13','2017-11-13'),(945,55,'水电费是否对','2017-11-16','酷虎有'),(946,56,'2017-08-28','2017-08-28','2017-08-28'),(947,56,'2017-08-30','2017-08-30','2017-08-30'),(948,56,'电视费','2017-09-04','2017-09-04'),(949,56,'2017-09-06','2017-09-06','2017-09-06'),(950,56,'2017-09-18','2017-09-18','2017-09-18'),(951,56,'2017-09-20','2017-09-20','2017-09-20'),(952,56,'2017-09-25','2017-09-25','2017-09-25'),(953,56,'2017-09-27','2017-09-27','2017-09-27'),(954,56,'2017-10-02','2017-10-02','2017-10-02'),(955,56,'2017-10-04','2017-10-04','2017-10-04'),(956,56,'2017-10-09','2017-10-09','2017-10-09'),(957,56,'2017-10-11','2017-10-11','士大夫'),(958,56,'2017-10-16','2017-10-16','2017-10-16'),(959,56,'2017-10-18','2017-10-18','2017-10-18'),(960,56,'2017-10-23','2017-10-23','2017-10-23'),(961,56,'2017-10-25','2017-10-25','2017-10-25'),(962,56,'2017-10-30','2017-10-30','2017-10-30'),(963,56,'2017-11-01','2017-11-01','2017-11-01'),(964,56,'2017-11-06','2017-11-06','2017-11-06'),(965,56,'2017-11-08','2017-11-08','2017-11-08'),(966,56,'2017-11-13','2017-11-13','2017-11-13'),(967,56,'2017-11-15','2017-11-15','2017-11-15'),(968,57,'电饭锅','2017-08-28','发的规范的'),(969,57,'2017-08-31','2017-08-31','2017-08-31'),(970,57,'2017-09-04','2017-09-04','2017-09-04'),(971,57,'2017-09-07','2017-09-07','2017-09-07'),(972,57,'2017-09-18','2017-09-18','2017-09-18'),(973,57,'2017-09-21','2017-09-21','2017-09-21'),(974,57,'的非官方的','2017-09-25','风格的鬼地方'),(975,57,'2017-09-28','2017-09-28','2017-09-28'),(976,57,'2017-10-02','2017-10-02','2017-10-02'),(977,57,'2017-10-05','2017-10-05','2017-10-05'),(978,57,'2017-10-09','2017-10-09','2017-10-09'),(979,57,'2017-10-12','2017-10-12','2017-10-12'),(980,57,'梵蒂冈的风格','2017-10-16','已投入以艰苦'),(981,57,'2017-10-19','2017-10-19','2017-10-19'),(982,57,'2017-10-23','2017-10-23','2017-10-23'),(983,57,'2017-10-26','2017-10-26','2017-10-26'),(984,57,'2017-10-30','2017-10-30','2017-10-30'),(985,57,'2017-11-02','2017-11-02','2017-11-02'),(986,57,'就呵护健康','2017-11-06','法国恢复和法国'),(987,57,'2017-11-09','2017-11-09','2017-11-09'),(988,57,'2017-11-13','2017-11-13','2017-11-13'),(989,57,'规范和规范化','2017-11-16','个符合符合'),(1006,60,'PHP学习','2017-09-04','PHP练习'),(1007,60,'2017-09-06','2017-09-06','2017-09-06'),(1008,60,'2017-09-08','2017-09-08','2017-09-08'),(1009,60,'2017-09-11','2017-09-11','2017-09-11'),(1010,60,'2017-09-13','2017-09-13','2017-09-13'),(1011,60,'2017-09-15','2017-09-15','2017-09-15'),(1012,60,'2017-09-25','2017-09-25','2017-09-25'),(1013,60,'2017-09-27','2017-09-27','2017-09-27'),(1014,60,'2017-09-29','2017-09-29','2017-09-29'),(1015,60,'PHP学习2','2017-10-02','PHP学习3'),(1016,60,'2017-10-04','2017-10-04','2017-10-04'),(1017,60,'2017-10-06','2017-10-06','2017-10-06'),(1018,60,'2017-10-09','2017-10-09','2017-10-09'),(1019,60,'2017-10-11','2017-10-11','2017-10-11'),(1020,60,'2017-10-13','2017-10-13','2017-10-13'),(1021,60,'2017-10-16','2017-10-16','2017-10-16'),(1022,60,'2017-10-18','2017-10-18','2017-10-18'),(1023,60,'2017-10-20','2017-10-20','2017-10-20'),(1024,60,'2017-10-23','2017-10-23','2017-10-23'),(1025,60,'2017-10-25','2017-10-25','2017-10-25'),(1026,60,'2017-10-27','2017-10-27','2017-10-27'),(1027,60,'2017-10-30','2017-10-30','2017-10-30'),(1028,60,'2017-11-01','2017-11-01','2017-11-01'),(1029,60,'2017-11-03','2017-11-03','2017-11-03'),(1030,60,'2017-11-06','2017-11-06','2017-11-06'),(1031,60,'2017-11-08','2017-11-08','2017-11-08'),(1032,60,'2017-11-10','2017-11-10','2017-11-10'),(1033,60,'2017-11-13','2017-11-13','2017-11-13'),(1034,60,'2017-11-15','2017-11-15','2017-11-15'),(1035,60,'2017-11-17','2017-11-17','2017-11-17'),(1036,60,'2017-11-20','2017-11-20','2017-11-20'),(1037,60,'2017-11-22','2017-11-22','2017-11-22'),(1038,60,'2017-11-24','2017-11-24','2017-11-24'),(1039,61,'传销自残','2016-08-29','2016-08-29'),(1040,61,'2016-08-31','2016-08-31','现在才'),(1041,61,'2016-09-05','2016-09-05','2016-09-05'),(1042,61,'2016-09-07','2016-09-07','2016-09-07'),(1043,61,'2016-09-12','2016-09-12','2016-09-12'),(1044,61,'2016-09-14','2016-09-14','2016-09-14'),(1045,61,'2016-09-19','2016-09-19','2016-09-19'),(1046,61,'2016-09-21','2016-09-21','2016-09-21'),(1047,61,'2016-09-26','2016-09-26','2016-09-26'),(1048,61,'2016-09-28','2016-09-28','2016-09-28'),(1049,61,'卸载重装','2016-10-10','新政策执行'),(1050,61,'2016-10-12','2016-10-12','2016-10-12'),(1051,61,'2016-10-17','2016-10-17','2016-10-17'),(1052,61,'2016-10-19','2016-10-19','2016-10-19'),(1053,61,'2016-10-24','2016-10-24','2016-10-24'),(1054,61,'新政策执行','2016-10-26','现场协助查询'),(1055,61,'2016-10-31','2016-10-31','2016-10-31'),(1056,61,'2016-11-02','2016-11-02','2016-11-02'),(1057,61,'2016-11-07','2016-11-07','2016-11-07'),(1058,61,'2016-11-09','2016-11-09','2016-11-09'),(1059,61,'2016-11-14','2016-11-14','2016-11-14'),(1060,61,'现在出现在','2016-11-16','风格化法国'),(1061,63,'2017-09-04','2017-09-04','2017-09-04'),(1062,63,'2017-09-07','2017-09-07','2017-09-07'),(1063,63,'2017-09-11','2017-09-11','2017-09-11'),(1064,63,'2017-09-14','2017-09-14','2017-09-14'),(1065,63,'2017-09-18','2017-09-18','2017-09-18'),(1066,63,'2017-09-21','2017-09-21','2017-09-21'),(1067,63,'2017-09-25','2017-09-25','2017-09-25'),(1068,63,'2017-09-28','2017-09-28','2017-09-28'),(1069,63,'2017-10-02','2017-10-02','2017-10-02'),(1070,63,'2017-10-05','2017-10-05','2017-10-05'),(1071,63,'2017-10-16','2017-10-16','2017-10-16'),(1072,63,'2017-10-19','2017-10-19','2017-10-19'),(1073,63,'2017-10-23','2017-10-23','2017-10-23'),(1074,63,'2017-10-26','2017-10-26','2017-10-26'),(1075,63,'2017-10-30','2017-10-30','2017-10-30'),(1076,63,'2017-11-02','2017-11-02','2017-11-02'),(1077,63,'2017-11-06','2017-11-06','2017-11-06'),(1078,63,'2017-11-09','2017-11-09','2017-11-09'),(1079,63,'2017-11-13','2017-11-13','2017-11-13'),(1080,63,'2017-11-16','2017-11-16','2017-11-16'),(1081,63,'2017-11-20','2017-11-20','2017-11-20'),(1082,63,'2017-11-23','2017-11-23','2017-11-23'),(1123,65,'哈哈','2017-09-04','吓唬我'),(1124,65,'2017-09-05','2017-09-05','2017-09-05'),(1125,65,'2017-09-11','2017-09-11','2017-09-11'),(1126,65,'吓唬我44','2017-09-12','2017-09-12'),(1127,65,'吓唬我33','2017-09-18','2017-09-18'),(1128,65,'吓唬我11','2017-09-19','2017-09-19'),(1129,65,'吓唬我2','2017-10-02','吓唬我'),(1130,65,'2017-10-03','2017-10-03','2017-10-03'),(1131,65,'2017-10-09','2017-10-09','2017-10-09'),(1132,65,'2017-10-10','2017-10-10','2017-10-10'),(1133,65,'吓唬我343','2017-10-16','2017-10-16'),(1134,65,'2017-10-17','2017-10-17','2017-10-17'),(1135,65,'公司分管','2017-10-23','2017-10-23'),(1136,65,'打发手动阀','2017-10-24','高富帅'),(1137,65,'2017-10-30','2017-10-30','2017-10-30'),(1138,65,'2017-10-31','2017-10-31','2017-10-31'),(1139,65,'多发点','2017-11-06','史蒂芬孙f'),(1140,65,'2017-11-07','2017-11-07','2017-11-07'),(1141,65,'2017-11-13','2017-11-13','2017-11-13'),(1142,65,'2017-11-14','2017-11-14','2017-11-14'),(1143,65,'胜多负少的','2017-11-20','2017-11-20'),(1144,65,'2017-11-21','2017-11-21','2017-11-21'),(1145,65,'2017-11-27','2017-11-27','2017-11-27'),(1146,65,'2017-11-28','2017-11-28','2017-11-28'),(1147,65,'2017-12-04','2017-12-04','2017-12-04'),(1148,65,'2017-12-05','2017-12-05','2017-12-05'),(1149,65,'2017-12-11','2017-12-11','2017-12-11'),(1150,65,'2017-12-12','2017-12-12','2017-12-12'),(1151,65,'2017-12-18','2017-12-18','2017-12-18'),(1152,65,'2017-12-19','2017-12-19','2017-12-19'),(1153,65,'2017-12-25','2017-12-25','2017-12-25'),(1154,65,'2017-12-26','2017-12-26','2017-12-26'),(1155,65,'2018-01-01','2018-01-01','2018-01-01'),(1156,65,'2018-01-02','2018-01-02','2018-01-02'),(1157,65,'2018-01-08','2018-01-08','2018-01-08'),(1158,65,'2018-01-09','2018-01-09','2018-01-09'),(1159,65,'2018-01-15','2018-01-15','2018-01-15'),(1160,65,'2018-01-16','2018-01-16','2018-01-16'),(1161,65,'2018-01-22','2018-01-22','2018-01-22'),(1162,65,'2018-01-23','2018-01-23','2018-01-23'),(1163,66,'2017-08-28','2017-08-28','2017-08-28'),(1164,66,'士大夫的','2017-08-30','富达公司'),(1165,66,'2017-09-04','2017-09-04','2017-09-04'),(1166,66,'2017-09-06','2017-09-06','2017-09-06'),(1167,66,'2017-09-11','2017-09-11','2017-09-11'),(1168,66,'发的是公司','2017-09-13','犯得上广泛s'),(1169,66,'2017-09-25','2017-09-25','2017-09-25'),(1170,66,'2017-09-27','2017-09-27','2017-09-27'),(1171,66,'2017-10-02','2017-10-02','2017-10-02'),(1172,66,'2017-10-04','2017-10-04','2017-10-04'),(1173,66,'发生的故事的风格十分带感','2017-10-09','分的思索给'),(1174,66,'2017-10-11','2017-10-11','2017-10-11'),(1175,66,'2017-10-16','2017-10-16','2017-10-16'),(1176,66,'2017-10-18','2017-10-18','2017-10-18'),(1177,66,'2017-10-23','2017-10-23','2017-10-23'),(1178,66,'2017-10-25','2017-10-25','2017-10-25'),(1179,66,'2017-10-30','2017-10-30','2017-10-30'),(1180,66,'2017-11-01','2017-11-01','2017-11-01'),(1181,66,'2017-11-06','2017-11-06','2017-11-06'),(1182,66,'2017-11-08','2017-11-08','2017-11-08'),(1183,67,'手动阀','2017-09-04','电风扇广泛大锅饭回复'),(1184,67,'2017-09-05','2017-09-05','2017-09-05'),(1185,67,'2017-09-07','2017-09-07','2017-09-07'),(1186,67,'2017-09-11','2017-09-11','2017-09-11'),(1187,67,'从v不错v不错v','2017-09-12','会根据每个'),(1188,67,'2017-09-14','2017-09-14','2017-09-14'),(1189,67,'2017-09-18','2017-09-18','2017-09-18'),(1190,67,'2017-09-19','2017-09-19','2017-09-19'),(1191,67,'想不出v不咸不淡','2017-09-21','出报告发给'),(1192,67,'2017-10-02','2017-10-02','2017-10-02'),(1193,67,'2017-10-03','2017-10-03','2017-10-03'),(1194,67,'2017-10-05','2017-10-05','2017-10-05'),(1195,67,'2017-10-09','2017-10-09','2017-10-09'),(1196,67,'2017-10-10','2017-10-10','2017-10-10'),(1197,67,'2017-10-12','2017-10-12','2017-10-12'),(1198,67,'发表消防官兵','2017-10-16','刚发布效果不行'),(1199,67,'2017-10-17','2017-10-17','2017-10-17'),(1200,67,'2017-10-19','2017-10-19','2017-10-19'),(1201,67,'2017-10-23','2017-10-23','2017-10-23'),(1202,67,'2017-10-24','2017-10-24','2017-10-24'),(1203,67,'2017-10-26','2017-10-26','2017-10-26'),(1204,67,'2017-10-30','2017-10-30','2017-10-30'),(1205,67,'2017-10-31','2017-10-31','2017-10-31'),(1206,67,'2017-11-02','2017-11-02','2017-11-02'),(1207,67,'2017-11-06','2017-11-06','2017-11-06'),(1208,67,'西北方向','2017-11-07','鬼不像鬼b'),(1209,67,'2017-11-09','2017-11-09','2017-11-09'),(1210,67,'2017-11-13','2017-11-13','2017-11-13'),(1211,67,'2017-11-14','2017-11-14','2017-11-14'),(1212,67,'更新版本','2017-11-16','不许百姓点灯'),(1213,68,'梵蒂冈','2017-09-04','的覆盖广泛'),(1214,68,'梵蒂冈','2017-09-05','的覆盖广泛'),(1215,68,'第三方','2017-09-08','的覆盖广泛'),(1216,68,'梵蒂冈','2017-09-11','的覆盖广泛'),(1217,68,'梵蒂冈','2017-09-12','的覆盖广泛'),(1218,68,'梵蒂冈','2017-09-15','的覆盖广泛'),(1219,68,'梵蒂冈','2017-09-18','2犯嘀咕'),(1220,68,'梵蒂冈','2017-09-19','的覆盖广泛'),(1221,68,'梵蒂冈','2017-09-22','的覆盖广泛'),(1222,68,'梵蒂冈','2017-09-25','2017-09-25'),(1223,68,'梵蒂冈','2017-09-26','2017-09-26'),(1224,68,'豆腐干大概','2017-09-29','2017-09-29'),(1225,68,'2017-10-09','2017-10-09','2017-10-09'),(1226,68,'2017-10-10','2017-10-10','2017-10-10'),(1227,68,'2017-10-13','2017-10-13','2017-10-13'),(1228,68,'2017-10-16','2017-10-16','2017-10-16'),(1229,68,'2017-10-17','2017-10-17','2017-10-17'),(1230,68,'梵蒂冈','2017-10-20','的覆盖广泛'),(1231,68,'梵蒂冈','2017-10-23','的覆盖广泛'),(1232,68,'梵蒂冈','2017-10-24','梵蒂冈'),(1233,68,'梵蒂冈','2017-10-27','的覆盖广泛'),(1234,68,'梵蒂冈','2017-10-30','的覆盖广泛'),(1235,68,'2017-10-31','2017-10-31','2017-10-31'),(1236,68,'2017-11-03','2017-11-03','2017-11-03'),(1237,68,'2017-11-06','2017-11-06','2017-11-06'),(1238,68,'2017-11-07','2017-11-07','2017-11-07'),(1239,68,'2017-11-10','2017-11-10','2017-11-10'),(1240,68,'梵蒂冈','2017-11-13','梵蒂冈'),(1241,68,'梵蒂冈','2017-11-14','的覆盖广泛'),(1242,68,'2017-11-17','2017-11-17','的覆盖广泛'),(1243,69,'2018-09-10','2018-09-10','2018-09-10'),(1244,69,'2018-09-11','2018-09-11','2018-09-11'),(1245,69,'2018-09-12','2018-09-12','2018-09-12'),(1246,69,'2018-09-17','2018-09-17','2018-09-17'),(1247,69,'第三方','2018-09-18','舒服的'),(1248,69,'2018-09-19','2018-09-19','水电费'),(1249,69,'2018-10-01','2018-10-01','2018-10-01'),(1250,69,'2018-10-02','2018-10-02','2018-10-02'),(1251,69,'2018-10-03','2018-10-03','2018-10-03'),(1252,69,'2018-10-08','2018-10-08','2018-10-08'),(1253,69,'2018-10-09','2018-10-09','2018-10-09'),(1254,69,'2018-10-10','2018-10-10','2018-10-10'),(1255,69,'2018-10-15','2018-10-15','2018-10-15'),(1256,69,'2018-10-16','2018-10-16','2018-10-16'),(1257,69,'2018-10-17','2018-10-17','2018-10-17'),(1258,69,'2018-10-22','2018-10-22','2018-10-22'),(1259,69,'2018-10-23','2018-10-23','2018-10-23'),(1260,69,'2018-10-24','2018-10-24','2018-10-24'),(1261,69,'2018-10-29','2018-10-29','2018-10-29'),(1262,69,'2018-10-30','2018-10-30','2018-10-30'),(1263,69,'2018-10-31','2018-10-31','2018-10-31'),(1264,69,'2018-11-05','2018-11-05','2018-11-05'),(1265,69,'2018-11-06','2018-11-06','2018-11-06'),(1266,69,'2018-11-07','2018-11-07','2018-11-07'),(1267,69,'2018-11-12','2018-11-12','2018-11-12'),(1268,69,'第三方','2018-11-13','好好管管g'),(1269,69,'2018-11-14','2018-11-14','2018-11-14'),(1270,69,'2018-11-19','2018-11-19','2018-11-19'),(1271,69,'2018-11-20','2018-11-20','2018-11-20'),(1272,69,'2018-11-21','2018-11-21','2018-11-21'),(1273,69,'2018-11-26','2018-11-26','2018-11-26'),(1274,69,'2018-11-27','2018-11-27','2018-11-27'),(1275,69,'2018-11-28','2018-11-28','2018-11-28'),(1276,69,'2018-12-03','2018-12-03','2018-12-03'),(1277,69,'风格化风格化发货','2018-12-04','规范化风格和'),(1278,69,'2018-12-05','2018-12-05','2018-12-05'),(1279,69,'2018-12-10','2018-12-10','2018-12-10'),(1280,69,'2018-12-11','2018-12-11','2018-12-11'),(1281,69,'规范化','2018-12-12','规范化风格和'),(1282,70,'网页联系','2017-09-04','网页练习'),(1283,70,'2017-09-05','2017-09-05','2017-09-05'),(1284,70,'2017-09-08','2017-09-08','2017-09-08'),(1285,70,'网页联系','2017-09-11','网页练习'),(1286,70,'2017-09-12','2017-09-12','2017-09-12'),(1287,70,'2017-09-15','2017-09-15','2017-09-15'),(1288,70,'2017-09-18','2017-09-18','2017-09-18'),(1289,70,'2017-09-19','2017-09-19','2017-09-19'),(1290,70,'2017-09-22','2017-09-22','2017-09-22'),(1291,70,'2017-09-25','2017-09-25','2017-09-25'),(1292,70,'2017-09-26','2017-09-26','2017-09-26'),(1293,70,'2017-09-29','2017-09-29','2017-09-29'),(1294,70,'网页练习','2017-10-09','网页练习'),(1295,70,'2017-10-10','2017-10-10','2017-10-10'),(1296,70,'2017-10-13','2017-10-13','2017-10-13'),(1297,70,'网页练习','2017-10-16','网页练习'),(1298,70,'2017-10-17','2017-10-17','2017-10-17'),(1299,70,'2017-10-20','2017-10-20','2017-10-20'),(1300,70,'2017-10-23','2017-10-23','2017-10-23'),(1301,70,'2017-10-24','2017-10-24','2017-10-24'),(1302,70,'2017-10-27','2017-10-27','2017-10-27'),(1303,70,'2017-10-30','2017-10-30','2017-10-30'),(1304,70,'2017-10-31','2017-10-31','2017-10-31'),(1305,70,'2017-11-03','2017-11-03','2017-11-03'),(1306,70,'2017-11-06','2017-11-06','2017-11-06'),(1307,70,'2017-11-07','2017-11-07','2017-11-07'),(1308,70,'网页练习','2017-11-10','网页练习'),(1309,70,'2017-11-13','2017-11-13','2017-11-13'),(1310,70,'2017-11-14','2017-11-14','2017-11-14'),(1311,70,'网页练习','2017-11-17','网页练习');

#
# Structure for table "teacher"
#

DROP TABLE IF EXISTS `teacher`;
CREATE TABLE `teacher` (
  `tea_id` int(11) NOT NULL AUTO_INCREMENT,
  `DepartNo` char(2) NOT NULL,
  `tea_name` varchar(50) NOT NULL DEFAULT '',
  `Pwd` varchar(50) NOT NULL DEFAULT '',
  PRIMARY KEY (`tea_id`),
  KEY `DepartNo` (`DepartNo`)
) ENGINE=MyISAM AUTO_INCREMENT=926 DEFAULT CHARSET=utf8 ROW_FORMAT=FIXED;

#
# Data for table "teacher"
#

/*!40000 ALTER TABLE `teacher` DISABLE KEYS */;
INSERT INTO `teacher` VALUES (1,'01','张健','ken7411'),(2,'02','王振坤','wzk'),(3,'03','陈维','cw'),(4,'00','admin','admin'),(900,'','root','root');
/*!40000 ALTER TABLE `teacher` ENABLE KEYS */;
