# Host: localhost  (Version: 5.5.53)
# Date: 2017-10-14 18:49:28
# Generator: MySQL-Front 5.3  (Build 4.234)

/*!40101 SET NAMES utf8 */;

#
# Structure for table "class"
#

DROP TABLE IF EXISTS `class`;
CREATE TABLE `class` (
  `ClassNo` char(8) NOT NULL,
  `DepartNo` char(2) NOT NULL,
  `ClassName` char(20) NOT NULL,
  PRIMARY KEY (`ClassNo`),
  KEY `DepartNo` (`DepartNo`)
) ENGINE=MyISAM DEFAULT CHARSET=utf8 ROW_FORMAT=FIXED;

#
# Data for table "class"
#

/*!40000 ALTER TABLE `class` DISABLE KEYS */;
INSERT INTO `class` VALUES ('20000001','01','00电子商务'),('20000002','01','00多媒体'),('20000003','01','00数据库'),('20000004','02','00建筑管理'),('20000005','02','00建筑电气'),('20000006','03','00旅游管理'),('20010001','01','01电子商务'),('20010002','01','01多媒体'),('20010003','01','01数据库'),('20010004','02','01建筑管理'),('20010005','02','01建筑电气'),('20010006','03','01旅游管理'),('20020001','01','02电子商务'),('20020002','01','02多媒体'),('20020003','01','02数据库'),('20020004','02','02建筑管理'),('20020005','02','02建筑电气'),('20020006','03','02旅游管理');
/*!40000 ALTER TABLE `class` ENABLE KEYS */;

#
# Structure for table "course"
#

DROP TABLE IF EXISTS `course`;
CREATE TABLE `course` (
  `CouNo` char(3) NOT NULL,
  `CouName` char(30) NOT NULL,
  `Kind` char(8) NOT NULL,
  `Credit` decimal(5,0) NOT NULL,
  `Teacher` char(20) NOT NULL,
  `DepartNo` char(2) NOT NULL,
  `SchoolTime` char(10) NOT NULL,
  `LimitNum` decimal(5,0) NOT NULL,
  `WillNum` decimal(5,0) NOT NULL,
  `ChooseNum` decimal(5,0) NOT NULL,
  PRIMARY KEY (`CouNo`)
) ENGINE=MyISAM DEFAULT CHARSET=utf8 ROW_FORMAT=FIXED;

#
# Data for table "course"
#

/*!40000 ALTER TABLE `course` DISABLE KEYS */;
INSERT INTO `course` VALUES ('001','SQL SERVER技术与应用','工程技术',3,'徐人凤3','01','周二5-6节',25,43,0),('002','JAVA技术的开发应用','信息技术',2,'程伟彬','01','周二5-6节',10,35,0),('004','Linux操作系统','信息技术',2,'郑星','01','周二5-6节',10,33,0),('005','Premiere6.0影视制作','信息技术',2,'李韵婷','01','周二5-6节',20,27,0),('006','Director动画电影设计与制作','信息技术',2,'陈子仪','01','周二5-6节',10,27,0),('007','Delphi初级程序员','信息技术',2,'李兰','01','周二5-6节',20,27,0),('009','水资源利用管理与保护','工程技术',2,'叶艳茵','02','周二晚',10,31,0),('010','中级电工理论','工程技术',3,'范敬丽','02','周二5-6节',5,24,0),('011','中外建筑欣赏','人文',2,'林泉','02','周二5-6节',20,27,0),('012','智能建筑','工程技术',2,'王娜','02','周二5-6节',10,21,0),('013','房地产漫谈','人文',2,'黄强','02','周二5-6节',10,36,0),('014','科技与探索','人文',2,'顾苑玲','02','周二5-6节',10,24,0),('015','民俗风情旅游','管理',2,'杨国润','03','周二5-6节',20,33,0),('016','旅行社经营管理','管理',2,'黄文昌','03','周二5-6节',20,36,0),('017','世界旅游','人文',2,'盛德文','03','周二5-6节',10,27,0),('018','中餐菜肴制作','人文',2,'卢萍','03','周二5-6节',5,66,0),('019','电子出版概论','工程技术',2,'李力','03','周二5-6节',10,0,0),('022','哈哈哈','信息技术',55,'霍元甲','01','周一、周四',50,0,0),('023','金卡的话','信息技术',4,'爱的','01','周二',45,0,0),('024','哈哈','信息技术',250,'老师','01','周四-周日',50,0,0),('025','11是','信息技术',12,'范德萨','01','周四',55,0,0),('026','第三方','信息技术',0,'的萨芬','01','周四-周三',33,0,0);
/*!40000 ALTER TABLE `course` ENABLE KEYS */;

#
# Structure for table "department"
#

DROP TABLE IF EXISTS `department`;
CREATE TABLE `department` (
  `DepartNo` char(2) NOT NULL,
  `DepartName` char(20) NOT NULL,
  PRIMARY KEY (`DepartNo`)
) ENGINE=MyISAM DEFAULT CHARSET=utf8 ROW_FORMAT=FIXED;

#
# Data for table "department"
#

/*!40000 ALTER TABLE `department` DISABLE KEYS */;
INSERT INTO `department` VALUES ('00','网站管理'),('01','计算机应用工程系'),('02','建筑工程系'),('03','旅游系');
/*!40000 ALTER TABLE `department` ENABLE KEYS */;

#
# Structure for table "stucou"
#

DROP TABLE IF EXISTS `stucou`;
CREATE TABLE `stucou` (
  `StuNo` char(8) NOT NULL,
  `CouNo` char(3) NOT NULL,
  `WillOrder` smallint(6) NOT NULL,
  `State` char(2) NOT NULL,
  `RandomNum` char(50) DEFAULT NULL,
  PRIMARY KEY (`StuNo`,`CouNo`),
  KEY `CouNo` (`CouNo`)
) ENGINE=MyISAM DEFAULT CHARSET=utf8 ROW_FORMAT=FIXED;

#
# Data for table "stucou"
#

/*!40000 ALTER TABLE `stucou` DISABLE KEYS */;
INSERT INTO `stucou` VALUES ('00000001','002',1,'报名',NULL),('00000001','004',2,'报名',NULL),('00000003','003',3,'报名',''),('00000003','008',3,'',NULL),('00000003','009',1,'报名',''),('00000004','005',2,'报名',''),('00000004','013',3,'报名',''),('00000004','018',1,'报名',''),('00000005','004',2,'报名',''),('00000005','017',3,'报名',''),('00000005','018',1,'报名',''),('00000006','001',1,'报名',''),('00000006','006',2,'报名',''),('00000006','012',4,'报名',''),('00000006','016',3,'报名',''),('00000007','002',2,'报名',''),('00000007','003',1,'报名',''),('00000007','004',3,'报名',''),('00000008','005',2,'报名',''),('00000008','018',1,'报名',''),('00000009','003',1,'报名',''),('00000009','006',2,'报名',''),('00000009','018',1,'报名',''),('00000010','004',2,'报名',''),('00000010','015',3,'报名',''),('00000010','018',1,'报名',''),('00000011','001',1,'报名',''),('00000011','002',4,'报名',''),('00000011','016',2,'报名',''),('00000011','017',3,'报名',''),('00000012','002',1,'报名',''),('00000012','010',2,'报名',''),('00000012','014',3,'报名',''),('00000013','006',4,'报名',''),('00000013','007',1,'报名',''),('00000013','012',2,'报名',''),('00000013','013',5,'报名',''),('00000013','015',3,'报名',''),('00000014','002',3,'报名',''),('00000014','004',2,'报名',''),('00000014','018',1,'报名',''),('00000015','001',3,'报名',''),('00000015','003',1,'报名',''),('00000015','008',2,'报名',''),('00000015','009',4,'报名',''),('00000016','010',3,'报名',''),('00000016','012',1,'报名',''),('00000016','017',2,'报名',''),('00000017','004',1,'报名',''),('00000017','006',3,'报名',''),('00000017','016',2,'报名',''),('00000018','003',5,'报名',''),('00000018','007',4,'报名',''),('00000018','013',3,'报名',''),('00000018','015',2,'报名',''),('00000018','018',1,'报名',''),('00000019','002',1,'报名',''),('00000019','008',2,'报名',''),('00000019','014',3,'报名',''),('00000020','004',3,'报名',''),('00000020','012',2,'报名',''),('00000020','018',1,'报名',''),('00000021','003',1,'报名',''),('00000021','013',2,'报名',''),('00000021','014',4,'报名',''),('00000021','015',5,'报名',''),('00000021','016',3,'报名',''),('00000022','003',1,'报名',''),('00000023','002',3,'报名',''),('00000023','004',1,'报名',''),('00000023','008',2,'报名',''),('00000024','006',2,'报名',''),('00000024','017',3,'报名',''),('00000024','018',1,'报名',''),('00000026','003',2,'报名',''),('00000026','004',1,'报名',''),('00000027','001',1,'报名',''),('00000027','012',3,'报名',''),('00000027','014',2,'报名',''),('00000027','016',4,'报名',''),('00000028','002',2,'报名',''),('00000028','008',3,'报名',''),('00000028','010',1,'报名',''),('00000029','006',5,'报名',''),('00000029','013',1,'报名',''),('00000029','014',4,'报名',''),('00000029','015',2,'报名',''),('00000029','017',3,'报名',''),('00000030','004',3,'报名',''),('00000030','007',4,'报名',''),('00000030','012',2,'报名',''),('00000030','018',1,'报名',''),('00000031','002',2,'报名',''),('00000031','005',3,'报名',''),('00000031','010',1,'报名',''),('00000032','009',1,'报名',''),('00000032','016',2,'报名',''),('00000033','001',1,'报名',''),('00000033','008',2,'报名',''),('00000033','014',3,'报名',''),('00000033','015',5,'报名',''),('00000033','017',4,'报名',''),('00000034','002',2,'报名',''),('00000034','008',4,'报名',''),('00000034','013',3,'报名',''),('00000034','018',1,'报名',''),('00000035','006',1,'报名',''),('00000035','008',2,'报名',''),('00000035','016',3,'报名',''),('00000036','007',1,'报名',''),('00000036','010',2,'报名',''),('00000036','013',3,'报名',''),('00000037','002',1,'报名',''),('00000037','009',4,'报名',''),('00000037','014',3,'报名',''),('00000037','017',5,'报名',''),('00000037','018',2,'报名',''),('00000038','001',2,'报名',''),('00000038','008',1,'报名',''),('00000038','011',3,'报名',''),('00000038','015',4,'报名',''),('00000039','018',1,'报名',''),('00000040','016',1,'报名',''),('00000041','005',3,'报名',''),('00000041','008',4,'报名',''),('00000041','010',5,'报名',''),('00000041','011',2,'报名',''),('00000041','018',1,'报名',''),('00000042','008',2,'报名',''),('00000042','013',1,'报名',''),('00000042','015',3,'报名',''),('00000043','005',1,'报名',''),('00000043','011',3,'报名',''),('00000043','016',2,'报名',''),('00000044','005',3,'报名',''),('00000044','007',1,'报名',''),('00000044','009',2,'报名',''),('00000045','001',2,'报名',''),('00000045','010',3,'报名',''),('00000045','018',1,'报名',''),('00000046','008',4,'报名',''),('00000046','011',1,'报名',''),('00000046','013',5,'报名',''),('00000046','015',2,'报名',''),('00000046','017',3,'报名',''),('00000047','005',3,'报名',''),('00000047','008',1,'报名',''),('00000047','018',2,'报名',''),('00000048','009',2,'报名',''),('00000048','011',1,'报名',''),('00000048','013',3,'报名',''),('00000049','007',3,'报名',''),('00000049','015',2,'报名',''),('00000049','016',1,'报名',''),('00000050','005',5,'报名',''),('00000050','008',3,'报名',''),('00000050','011',2,'报名',''),('00000050','016',4,'报名',''),('00000050','018',1,'报名',''),('00000051','001',1,'报名',''),('00000051','008',4,'报名',''),('00000051','009',3,'报名',''),('00000051','013',5,'报名',''),('00000051','018',2,'报名',''),('00000052','001',1,'报名',''),('00000052','007',3,'报名',''),('00000052','011',2,'报名',''),('00000054','005',2,'报名',''),('00000054','006',3,'报名',''),('00000054','009',1,'报名',''),('00000055','001',1,'报名',''),('00000055','009',2,'报名',''),('00000056','001',3,'报名',''),('00000056','007',5,'报名',''),('00000056','011',4,'报名',''),('00000056','016',2,'报名',''),('00000056','018',1,'报名',''),('00000057','001',1,'报名',''),('00000057','015',2,'报名',''),('00000058','007',2,'报名',''),('00000058','009',3,'报名',''),('00000058','014',1,'报名',''),('00000059','001',1,'报名',''),('00000059','004',4,'报名',''),('00000059','006',5,'报名',''),('00000059','011',3,'报名',''),('00000059','013',2,'报名',''),('00000060','010',3,'报名',''),('00000060','012',2,'报名',''),('00000060','018',1,'报名',''),('01000001','001',1,'报名',''),('01000001','002',4,'报名',''),('01000001','003',3,'报名',''),('01000001','017',5,'报名',''),('01000001','018',2,'报名',''),('01000002','001',1,'报名',''),('01000002','004',4,'报名',''),('01000002','008',3,'报名',''),('01000002','018',2,'报名',''),('01000003','002',2,'报名',''),('01000003','003',3,'报名',''),('01000003','009',1,'报名',''),('01000004','005',2,'报名',''),('01000004','013',3,'报名',''),('01000004','018',1,'报名',''),('01000005','004',2,'报名',''),('01000005','017',3,'报名',''),('01000005','018',1,'报名',''),('01000006','001',1,'报名',''),('01000006','006',2,'报名',''),('01000006','012',4,'报名',''),('01000006','016',3,'报名',''),('01000007','002',2,'报名',''),('01000007','003',1,'报名',''),('01000007','004',3,'报名',''),('01000008','005',2,'报名',''),('01000008','018',1,'报名',''),('01000009','003',1,'报名',''),('01000009','006',2,'报名',''),('01000009','018',1,'报名',''),('01000010','004',2,'报名',''),('01000010','015',3,'报名',''),('01000010','018',1,'报名',''),('01000011','001',1,'报名',''),('01000011','003',4,'报名',''),('01000011','016',2,'报名',''),('01000011','017',3,'报名',''),('01000012','002',1,'报名',''),('01000012','010',2,'报名',''),('01000012','014',3,'报名',''),('01000013','006',4,'报名',''),('01000013','007',1,'报名',''),('01000013','012',2,'报名',''),('01000013','013',5,'报名',''),('01000013','015',3,'报名',''),('01000014','002',3,'报名',''),('01000014','004',2,'报名',''),('01000014','018',1,'报名',''),('01000015','001',3,'报名',''),('01000015','003',1,'报名',''),('01000015','008',2,'报名',''),('01000015','009',4,'报名',''),('01000016','010',3,'报名',''),('01000016','012',1,'报名',''),('01000016','017',2,'报名',''),('01000017','004',1,'报名',''),('01000017','006',3,'报名',''),('01000017','016',2,'报名',''),('01000018','003',5,'报名',''),('01000018','007',4,'报名',''),('01000018','013',3,'报名',''),('01000018','015',2,'报名',''),('01000018','018',1,'报名',''),('01000019','002',1,'报名',''),('01000019','008',2,'报名',''),('01000019','014',3,'报名',''),('01000020','004',3,'报名',''),('01000020','012',2,'报名',''),('01000020','018',1,'报名',''),('01000021','003',1,'报名',''),('01000021','013',2,'报名',''),('01000021','014',4,'报名',''),('01000021','015',5,'报名',''),('01000021','016',3,'报名',''),('01000022','003',1,'报名',''),('01000023','002',3,'报名',''),('01000023','004',1,'报名',''),('01000023','008',2,'报名',''),('01000024','006',2,'报名',''),('01000024','017',3,'报名',''),('01000024','018',1,'报名',''),('01000026','003',2,'报名',''),('01000026','004',1,'报名',''),('01000027','001',1,'报名',''),('01000027','012',3,'报名',''),('01000027','014',2,'报名',''),('01000027','016',4,'报名',''),('01000028','002',2,'报名',''),('01000028','008',3,'报名',''),('01000028','010',1,'报名',''),('01000029','006',5,'报名',''),('01000029','013',1,'报名',''),('01000029','014',4,'报名',''),('01000029','015',2,'报名',''),('01000029','017',3,'报名',''),('01000030','004',3,'报名',''),('01000030','007',4,'报名',''),('01000030','012',2,'报名',''),('01000030','018',1,'报名',''),('01000031','002',2,'报名',''),('01000031','005',3,'报名',''),('01000031','010',1,'报名',''),('01000032','009',1,'报名',''),('01000032','016',2,'报名',''),('01000033','001',1,'报名',''),('01000033','008',2,'报名',''),('01000033','014',3,'报名',''),('01000033','015',5,'报名',''),('01000033','017',4,'报名',''),('01000034','002',2,'报名',''),('01000034','008',4,'报名',''),('01000034','013',3,'报名',''),('01000034','018',1,'报名',''),('01000035','006',1,'报名',''),('01000035','008',2,'报名',''),('01000035','016',3,'报名',''),('01000036','007',1,'报名',''),('01000036','010',2,'报名',''),('01000036','013',3,'报名',''),('01000037','002',1,'报名',''),('01000037','009',4,'报名',''),('01000037','014',3,'报名',''),('01000037','017',5,'报名',''),('01000037','018',2,'报名',''),('01000038','001',2,'报名',''),('01000038','008',1,'报名',''),('01000038','011',3,'报名',''),('01000038','015',4,'报名',''),('01000039','018',1,'报名',''),('01000040','016',1,'报名',''),('01000041','005',3,'报名',''),('01000041','008',4,'报名',''),('01000041','010',5,'报名',''),('01000041','011',2,'报名',''),('01000041','018',1,'报名',''),('01000042','008',2,'报名',''),('01000042','013',1,'报名',''),('01000042','015',3,'报名',''),('01000043','005',1,'报名',''),('01000043','011',3,'报名',''),('01000043','016',2,'报名',''),('01000044','005',3,'报名',''),('01000044','007',1,'报名',''),('01000044','009',2,'报名',''),('01000045','001',2,'报名',''),('01000045','010',3,'报名',''),('01000045','018',1,'报名',''),('01000046','008',4,'报名',''),('01000046','011',1,'报名',''),('01000046','013',5,'报名',''),('01000046','015',2,'报名',''),('01000046','017',3,'报名',''),('01000047','005',3,'报名',''),('01000047','008',1,'报名',''),('01000047','018',2,'报名',''),('01000048','009',2,'报名',''),('01000048','011',1,'报名',''),('01000048','013',3,'报名',''),('01000049','007',3,'报名',''),('01000049','015',2,'报名',''),('01000049','016',1,'报名',''),('01000050','005',5,'报名',''),('01000050','008',3,'报名',''),('01000050','011',2,'报名',''),('01000050','016',4,'报名',''),('01000050','018',1,'报名',''),('01000051','001',1,'报名',''),('01000051','008',4,'报名',''),('01000051','009',3,'报名',''),('01000051','013',5,'报名',''),('01000051','018',2,'报名',''),('01000052','001',1,'报名',''),('01000052','007',3,'报名',''),('01000052','011',2,'报名',''),('01000054','005',2,'报名',''),('01000054','006',3,'报名',''),('01000054','009',1,'报名',''),('01000055','001',1,'报名',''),('01000055','009',2,'报名',''),('01000056','007',3,'报名',''),('01000056','009',5,'报名',''),('01000056','011',4,'报名',''),('01000056','016',2,'报名',''),('01000056','018',1,'报名',''),('01000057','001',1,'报名',''),('01000057','015',2,'报名',''),('01000058','007',2,'报名',''),('01000058','009',3,'报名',''),('01000058','014',1,'报名',''),('01000059','001',1,'报名',''),('01000059','004',4,'报名',''),('01000059','006',5,'报名',''),('01000059','011',3,'报名',''),('01000059','013',2,'报名',''),('01000060','010',3,'报名',''),('01000060','012',2,'报名',''),('01000060','018',1,'报名',''),('02000001','001',1,'报名',''),('02000001','002',4,'报名',''),('02000001','003',3,'报名',''),('02000001','017',5,'报名',''),('02000001','018',2,'报名',''),('02000002','001',1,'报名',''),('02000002','004',4,'报名',''),('02000002','008',3,'报名',''),('02000002','018',2,'报名',''),('02000003','002',2,'报名',''),('02000003','003',3,'报名',''),('02000003','009',1,'报名',''),('02000004','005',2,'报名',''),('02000004','013',3,'报名',''),('02000004','018',1,'报名',''),('02000005','004',2,'报名',''),('02000005','017',3,'报名',''),('02000005','018',1,'报名',''),('02000006','001',1,'报名',''),('02000006','006',2,'报名',''),('02000006','012',4,'报名',''),('02000006','016',3,'报名',''),('02000007','002',2,'报名',''),('02000007','003',1,'报名',''),('02000007','004',3,'报名',''),('02000008','005',2,'报名',''),('02000008','018',1,'报名',''),('02000009','003',1,'报名',''),('02000009','006',2,'报名',''),('02000009','018',1,'报名',''),('02000010','004',2,'报名',''),('02000010','015',3,'报名',''),('02000010','018',1,'报名',''),('02000011','001',1,'报名',''),('02000011','003',4,'报名',''),('02000011','016',2,'报名',''),('02000011','017',3,'报名',''),('02000012','002',1,'报名',''),('02000012','010',2,'报名',''),('02000012','014',3,'报名',''),('02000013','006',4,'报名',''),('02000013','007',1,'报名',''),('02000013','012',2,'报名',''),('02000013','013',5,'报名',''),('02000013','015',3,'报名',''),('02000014','002',3,'报名',''),('02000014','004',2,'报名',''),('02000014','018',1,'报名',''),('02000015','001',3,'报名',''),('02000015','003',1,'报名',''),('02000015','008',2,'报名',''),('02000015','009',4,'报名',''),('02000016','010',3,'报名',''),('02000016','012',1,'报名',''),('02000016','017',2,'报名',''),('02000017','004',1,'报名',''),('02000017','006',3,'报名',''),('02000017','016',2,'报名',''),('02000018','003',5,'报名',''),('02000018','007',4,'报名',''),('02000018','013',3,'报名',''),('02000018','015',2,'报名',''),('02000018','018',1,'报名',''),('02000019','002',1,'报名',''),('02000019','008',2,'报名',''),('02000019','014',3,'报名',''),('02000020','004',3,'报名',''),('02000020','012',2,'报名',''),('02000020','018',1,'报名',''),('02000021','003',1,'报名',''),('02000021','013',2,'报名',''),('02000021','014',4,'报名',''),('02000021','015',5,'报名',''),('02000021','016',3,'报名',''),('02000022','003',1,'报名',''),('02000023','002',3,'报名',''),('02000023','004',1,'报名',''),('02000023','008',2,'报名',''),('02000024','006',2,'报名',''),('02000024','017',3,'报名',''),('02000024','018',1,'报名',''),('02000026','003',2,'报名',''),('02000026','004',1,'报名',''),('02000027','001',1,'报名',''),('02000027','012',3,'报名',''),('02000027','014',2,'报名',''),('02000027','016',4,'报名',''),('02000028','002',2,'报名',''),('02000028','008',3,'报名',''),('02000028','010',1,'报名',''),('02000029','006',5,'报名',''),('02000029','013',1,'报名',''),('02000029','014',4,'报名',''),('02000029','015',2,'报名',''),('02000029','017',3,'报名',''),('02000030','004',3,'报名',''),('02000030','007',4,'报名',''),('02000030','012',2,'报名',''),('02000030','018',1,'报名',''),('02000031','002',2,'报名',''),('02000031','005',3,'报名',''),('02000031','010',1,'报名',''),('02000032','009',1,'报名',''),('02000032','016',2,'报名',''),('02000033','001',1,'报名',''),('02000033','008',2,'报名',''),('02000033','014',3,'报名',''),('02000033','015',5,'报名',''),('02000033','017',4,'报名',''),('02000034','002',2,'报名',''),('02000034','008',4,'报名',''),('02000034','013',3,'报名',''),('02000034','018',1,'报名',''),('02000035','006',1,'报名',''),('02000035','008',2,'报名',''),('02000035','016',3,'报名',''),('02000036','007',1,'报名',''),('02000036','010',2,'报名',''),('02000036','013',3,'报名',''),('02000037','002',1,'报名',''),('02000037','009',4,'报名',''),('02000037','014',3,'报名',''),('02000037','017',5,'报名',''),('02000037','018',2,'报名',''),('02000038','001',2,'报名',''),('02000038','008',1,'报名',''),('02000038','011',3,'报名',''),('02000038','015',4,'报名',''),('02000039','018',1,'报名',''),('02000040','016',1,'报名',''),('02000041','005',3,'报名',''),('02000041','008',4,'报名',''),('02000041','010',5,'报名',''),('02000041','011',2,'报名',''),('02000041','018',1,'报名',''),('02000042','008',2,'报名',''),('02000042','013',1,'报名',''),('02000042','015',3,'报名',''),('02000043','005',1,'报名',''),('02000043','011',3,'报名',''),('02000043','016',2,'报名',''),('02000044','005',3,'报名',''),('02000044','007',1,'报名',''),('02000044','009',2,'报名',''),('02000045','001',2,'报名',''),('02000045','010',3,'报名',''),('02000045','018',1,'报名',''),('02000046','008',4,'报名',''),('02000046','011',1,'报名',''),('02000046','013',5,'报名',''),('02000046','015',2,'报名',''),('02000046','017',3,'报名',''),('02000047','005',3,'报名',''),('02000047','008',1,'报名',''),('02000047','018',2,'报名',''),('02000048','009',2,'报名',''),('02000048','011',1,'报名',''),('02000048','013',3,'报名',''),('02000049','007',3,'报名',''),('02000049','015',2,'报名',''),('02000049','016',1,'报名',''),('02000050','005',5,'报名',''),('02000050','008',3,'报名',''),('02000050','011',2,'报名',''),('02000050','016',4,'报名',''),('02000050','018',1,'报名',''),('02000051','001',1,'报名',''),('02000051','008',4,'报名',''),('02000051','009',3,'报名',''),('02000051','013',5,'报名',''),('02000051','018',2,'报名',''),('02000052','001',1,'报名',''),('02000052','007',3,'报名',''),('02000052','011',2,'报名',''),('02000054','005',2,'报名',''),('02000054','006',3,'报名',''),('02000054','009',1,'报名',''),('02000055','001',1,'报名',''),('02000055','009',2,'报名',''),('02000056','002',3,'报名',''),('02000056','007',5,'报名',''),('02000056','011',4,'报名',''),('02000056','016',2,'报名',''),('02000056','018',1,'报名',''),('02000057','001',1,'报名',''),('02000057','015',2,'报名',''),('02000058','007',2,'报名',''),('02000058','009',3,'报名',''),('02000058','014',1,'报名',''),('02000059','001',1,'报名',''),('02000059','004',4,'报名',''),('02000059','006',5,'报名',''),('02000059','011',3,'报名',''),('02000059','013',2,'报名',''),('02000060','010',3,'报名',''),('02000060','012',2,'报名',''),('02000060','018',1,'报名',''),('stu','012',1,'报名',NULL);
/*!40000 ALTER TABLE `stucou` ENABLE KEYS */;

#
# Structure for table "student"
#

DROP TABLE IF EXISTS `student`;
CREATE TABLE `student` (
  `StuNo` char(8) NOT NULL,
  `ClassNo` char(8) NOT NULL,
  `StuName` char(10) NOT NULL,
  `Pwd` varchar(50) NOT NULL DEFAULT '',
  PRIMARY KEY (`StuNo`),
  KEY `ClassNo` (`ClassNo`)
) ENGINE=MyISAM DEFAULT CHARSET=utf8 ROW_FORMAT=FIXED;

#
# Data for table "student"
#

/*!40000 ALTER TABLE `student` DISABLE KEYS */;
INSERT INTO `student` VALUES ('00000001','20000001','test','11111111'),('00000002','20000001','彭少帆','00000002'),('00000003','20000001','曾敏馨','777B2DE7'),('00000004','20000001','张晶晶','EDE4293B'),('00000005','20000001','曹业成','A08E56C4'),('00000006','20000001','甘蕾','3178C441'),('00000007','20000001','凌晓文','B7E6F4BE'),('00000008','20000001','梁亮','BFDEB84F'),('00000009','20000001','陈燕珊','A4A0BDFF'),('00000010','20000001','韩霞','4033A878'),('00000011','20000002','朱川','19C5653D'),('00000012','20000002','杜晓静','117A709E'),('00000013','20000002','黄元科','C6C1E2B7'),('00000014','20000002','罗飞','6808A559'),('00000015','20000002','李林','E65AF58A'),('00000016','20000002','赖梅','767591C7'),('00000017','20000002','麦嘉','B7E43E7C'),('00000018','20000002','李月','3B6EC650'),('00000019','20000002','陈艳婷','22018D60'),('00000020','20000002','庄雯','C72BFBA3'),('00000021','20000003','赖家嘉','34A7E284'),('00000022','20000003','黄磊','2A0BF98F'),('00000023','20000003','熊华','AC79E811'),('00000024','20000003','李红','1339DD8E'),('00000025','20000003','廖杰','659E5EDC'),('00000026','20000003','赵玉平','E9FEF281'),('00000027','20000003','朱丽','7AC30191'),('00000028','20000003','何丽仪','78E651FD'),('00000029','20000003','梁燕燕','5E749F6B'),('00000030','20000003','黄惜','18716F45'),('00000031','20000004','陈金菊','F14A4F4E'),('00000032','20000004','杨华','36AC2AEE'),('00000033','20000004','侯刚','C6FB73CC'),('00000034','20000004','李辉','B037B994'),('00000035','20000004','张梅','F5679BD7'),('00000036','20000004','赵育华','6FF965B9'),('00000037','20000004','徐敬大','0A1D0844'),('00000038','20000004','孙量','5111D018'),('00000039','20000004','马嘉达','E6C13CC0'),('00000040','20000004','叶素华','E8DDE378'),('00000041','20000005','卓峰','9E24D1FD'),('00000042','20000005','陈滔','ADACC023'),('00000043','20000005','韩文','601AFE7F'),('00000044','20000005','李向兵','6D33D2F8'),('00000045','20000005','杨斌','06081845'),('00000046','20000005','张峰','A420DB16'),('00000047','20000005','张素琴','027A9133'),('00000048','20000005','谭旭东','02D3BFDB'),('00000049','20000005','马振烽','7AB54DD0'),('00000050','20000005','吴珊','FB40F89F'),('00000051','20000006','刘长征','6CA4EE50'),('00000052','20000006','周金华','9ADB786A'),('00000053','20000006','李开豫','6E2CC253'),('00000054','20000006','李丽平','AA57BCE2'),('00000055','20000006','艾锋','2CA8FE76'),('00000056','20000006','吴文杰','D7C83477'),('00000057','20000006','吴黎斌','FF047C42'),('00000058','20000006','王明安','14A7C8AB'),('00000059','20000006','罗远新','1052CCF8'),('00000060','20000006','黄月英','3ACE2670'),('01000001','20010001','周英','F126361D'),('01000002','20010001','郑强','C07B5DDA'),('01000003','20010001','唐德兴','A2814D09'),('01000004','20010001','高胜','595A934A'),('01000005','20010001','文荣','EC0E5976'),('01000006','20010001','方胜','10A81E26'),('01000007','20010001','司华全','F421A286'),('01000008','20010001','张浩','28B52E14'),('01000009','20010001','王碧丽','94C6EA54'),('01000010','20010001','利旭龙','E9481979'),('01000011','20010002','单玲','9D49DAFD'),('01000012','20010002','叶杰','FB0617F4'),('01000013','20010002','胡殿贵','79B290BD'),('01000014','20010002','黄莹','0EC16D5B'),('01000015','20010002','胡旺','EE528507'),('01000016','20010002','纪颖茵','B483DC91'),('01000017','20010002','黄菲','4ACF34EA'),('01000018','20010002','何文','3C854411'),('01000019','20010002','谢军','CE87F718'),('01000020','20010002','马雄','7DF426DD'),('01000021','20010003','林辉','838DBE92'),('01000022','20010003','陈婷','D05F743D'),('01000023','20010003','李攀','766F7208'),('01000024','20010003','陈威','208EF601'),('01000025','20010003','张峰','C60321EB'),('01000026','20010003','周芬','0D3CE5AC'),('01000027','20010003','冼柳如','BE2AD025'),('01000028','20010003','尚昌荣','58386326'),('01000029','20010003','李宝儿','CB9A489E'),('01000030','20010003','江婉婵','CE3EDA81'),('01000031','20010004','黄丹','9CB2EBCA'),('01000032','20010004','谢华','C3F5D7C6'),('01000033','20010004','郭丽婷','22765143'),('01000034','20010004','柳萍','39595413'),('01000035','20010004','叶宁','CDEF40F4'),('01000036','20010004','李碧珍','3ED26A25'),('01000037','20010004','杨建新','C1AFBFDE'),('01000038','20010004','李花','0F20286B'),('01000039','20010004','李云','47FBC010'),('01000040','20010004','张笑兴','383094C1'),('01000041','20010005','刘志伟','5225C9BA'),('01000042','20010005','刘丽文','618232F2'),('01000043','20010005','王亮','A071A5B8'),('01000044','20010005','罗瑶娜','9E0488EC'),('01000045','20010005','张宇','D053E238'),('01000046','20010005','林晓华','73C4D560'),('01000047','20010005','刘雯','8C5E49F4'),('01000048','20010005','郑宁','84318E36'),('01000049','20010005','罗龙','03AD9CA2'),('01000050','20010005','朱玲','1DAC44B9'),('01000051','20010006','邹群','31A8CE69'),('01000052','20010006','王紫枫','C0F93456'),('01000053','20010006','陈益达','E691B7AA'),('01000054','20010006','彭祥','51339DB0'),('01000055','20010006','邱星','90CF3018'),('01000056','20010006','蒋芸','C61CFFFE'),('01000057','20010006','颜瑭璐','511161DD'),('01000058','20010006','薛尧','B314A58B'),('01000059','20010006','陈溪','1BA73A0B'),('01000060','20010006','罗锦辉','7580F9C7'),('02000001','20020001','叶兆荣','130F3226'),('02000002','20020001','杨敏茹','523FC944'),('02000003','20020001','曾敬香','C9B6C7F3'),('02000004','20020001','祝海斌','B2BDE1E3'),('02000005','20020001','陈霞','435677C0'),('02000006','20020001','王青','51BA8C4E'),('02000007','20020001','郑贤','E89094ED'),('02000008','20020001','韩燕','A31D6C73'),('02000009','20020001','何娟','81E96113'),('02000010','20020001','顾珍','7FE993A0'),('02000011','20020002','张飞翔','B1330A01'),('02000012','20020002','黄思宇','CE9A9E92'),('02000013','20020002','周健鹏','C5F048B3'),('02000014','20020002','廖丽娟','09BAF9FD'),('02000015','20020002','林豫','18E054EE'),('02000016','20020002','赖霞','875B13B0'),('02000017','20020002','郑萍','72459143'),('02000018','20020002','刘海峰','CDF3B2DD'),('02000019','20020002','叶虹','A49C1F7F'),('02000020','20020002','郑文','76E700B3'),('02000021','20020003','关霞','614F9DC1'),('02000022','20020003','莫飞娥','E62FD252'),('02000023','20020003','李卉','3D4D4F7C'),('02000024','20020003','陈慧霞','EFAD0BC7'),('02000025','20020003','吴妍','AB817022'),('02000026','20020003','于梅','7B7309C6'),('02000027','20020003','刘燕','9FC227D7'),('02000028','20020003','洪华','B30D51B6'),('02000029','20020003','陈晓旋','069ECE57'),('02000030','20020003','郭玉芳','406D601A'),('02000031','20020004','熊秋','64C52750'),('02000032','20020004','王黔可','22FD98E5'),('02000033','20020004','林海文','AEDEF411'),('02000034','20020004','梁瑞明','5380E683'),('02000035','20020004','叶小瑶','3299E519'),('02000036','20020004','苏建龙','967E08C1'),('02000037','20020004','黎海珊','AE51E60E'),('02000038','20020004','丛永杰','7D25F150'),('02000039','20020004','胡剑星','BF69E690'),('02000040','20020004','刁雪娴','E1064051'),('02000041','20020005','刘敏彬','F3A9C4E3'),('02000042','20020005','盛君','4035F5D5'),('02000043','20020005','马顺枢','8D9E71AD'),('02000044','20020005','陈军','8B0195A0'),('02000045','20020005','王满枝','A5D2ABE7'),('02000046','20020005','李翠东','2F4EF051'),('02000047','20020005','林桂励','DB6432BA'),('02000048','20020005','陈国海','B1E2C1A6'),('02000049','20020005','许刚','181AFB6F'),('02000050','20020005','曾丽彬','6CD25A67'),('02000051','20020006','陈敏霞','55B38E37'),('02000052','20020006','贺丽好','DC40C851'),('02000053','20020006','岳丽琼','B44D5232'),('02000054','20020006','刘志伟','B029CF12'),('02000055','20020006','丁玉明','83463460'),('02000056','20020006','郭瑜琳','427FD9A6'),('02000057','20020006','陈雯','17E47B68'),('02000058','20020006','苏晓华','B97EEBAF'),('02000059','20020006','简小艳','C4DE4AE4'),('02000060','20020006','欧春妮','9F729870'),('stu','stu','学生','stu');
/*!40000 ALTER TABLE `student` ENABLE KEYS */;

#
# Structure for table "tb_teachinginfo"
#

DROP TABLE IF EXISTS `tb_teachinginfo`;
CREATE TABLE `tb_teachinginfo` (
  `tea_id` int(11) NOT NULL AUTO_INCREMENT,
  `tea_name` varchar(50) NOT NULL,
  `tea_class` varchar(50) NOT NULL,
  `tea_cou` varchar(50) NOT NULL,
  `tea_hour` int(11) NOT NULL,
  `tea_term` varchar(50) NOT NULL,
  PRIMARY KEY (`tea_id`)
) ENGINE=MyISAM AUTO_INCREMENT=71 DEFAULT CHARSET=utf8;

#
# Data for table "tb_teachinginfo"
#

/*!40000 ALTER TABLE `tb_teachinginfo` DISABLE KEYS */;
INSERT INTO `tb_teachinginfo` VALUES (24,'老杨','网络1452','tompat',25,'2016-2017-2'),(25,'田晓玲','网络1431','c语言',20,'2016-2017-2'),(26,'田晓玲','会计1532','cs6',20,'2016-2017-2'),(28,'田晓玲','网络1431','c语言',12,'2016-2017-2'),(31,'天马行空','网络1431','java',30,'2017-2018-2'),(32,'天马行空','网络1431','网络推广',20,'2016-2017-2'),(33,'杨民峰','网络1431','c语言',20,'2016-2017-2'),(34,'杨民峰','网络1431','网络推广',20,'2016-2017-2'),(36,'杨民峰','网络1431','网络推广',29,'2016-2017-2'),(55,'天马行空','网络1431','c语言',22,'2017-2018-2'),(56,'杨民峰','网络1431','网络推广',22,'2016-2018-2'),(57,'杨民峰','网络1431','java',22,'2017-2018-2'),(60,'杨民峰','网络3254','网络推广',22,'2017-2018-2'),(61,'田晓玲','网络1431','网络推广',22,'2016-2017-2'),(63,'田晓玲','网络1431','网络推广',22,'2017-2018-2'),(65,'田晓玲','网络1532','网络1431',40,'2017-2018-2'),(66,'田晓玲','网络1431','java',30,'2017-2018-2'),(67,'杨民峰','网络1532','网络推广',30,'2017-2018-2'),(68,'田晓玲','网络1731','计算机',30,'2017-2018-2'),(69,'田晓玲','豆腐干','c语言',40,'2018-2019-2'),(70,'孙秀娟','网络1732','网页设计',30,'2017-2018-2');
/*!40000 ALTER TABLE `tb_teachinginfo` ENABLE KEYS */;

#
# Structure for table "tb_teachingplaninfo"
#

DROP TABLE IF EXISTS `tb_teachingplaninfo`;
CREATE TABLE `tb_teachingplaninfo` (
  `tp_id` int(11) NOT NULL AUTO_INCREMENT,
  `tea_id` int(11) NOT NULL,
  `tp_content` varchar(500) NOT NULL,
  `tp_time` varchar(50) NOT NULL,
  `tp_kewai` varchar(255) DEFAULT NULL COMMENT '课外作业',
  PRIMARY KEY (`tp_id`)
) ENGINE=InnoDB AUTO_INCREMENT=1312 DEFAULT CHARSET=utf8;

#
# Data for table "tb_teachingplaninfo"
#

INSERT INTO `tb_teachingplaninfo` VALUES (587,24,'吃饭','2017-02-27',NULL),(588,24,'2017-03-03','2017-03-03',NULL),(589,24,'2017-03-06','2017-03-06',NULL),(590,24,'2017-03-10','2017-03-10',NULL),(591,24,'2017-03-13','2017-03-13',NULL),(592,24,'2017-03-17','2017-03-17',NULL),(593,24,'无','2017-03-20',NULL),(594,24,'2017-03-24','2017-03-24',NULL),(595,24,'2017-03-27','2017-03-27',NULL),(596,24,'2017-03-31','2017-03-31',NULL),(597,24,'2017-04-10','2017-04-10',NULL),(598,24,'2017-04-14','2017-04-14',NULL),(599,24,'2017-04-17','2017-04-17',NULL),(600,24,'2017-04-21','2017-04-21',NULL),(601,24,'2017-04-24','2017-04-24',NULL),(602,24,'2017-04-28','2017-04-28',NULL),(603,24,'2017-05-01','2017-05-01',NULL),(604,24,'2017-05-05','2017-05-05',NULL),(605,24,'2017-05-08','2017-05-08',NULL),(606,24,'2017-05-12','2017-05-12',NULL),(607,24,'2017-05-15','2017-05-15',NULL),(608,24,'2017-05-19','2017-05-19',NULL),(609,24,'2017-05-22','2017-05-22',NULL),(610,24,'2017-05-26','2017-05-26',NULL),(611,25,'吃饭','2017-02-27',NULL),(612,25,'2017-03-01','2017-03-01',NULL),(613,25,'2017-03-03','2017-03-03',NULL),(614,25,'2017-03-06','2017-03-06',NULL),(615,25,'哈哈','2017-03-08',NULL),(616,25,'2017-03-10','2017-03-10',NULL),(617,25,'2017-03-13','2017-03-13',NULL),(618,25,'2017-03-15','2017-03-15',NULL),(619,25,'2017-03-17','2017-03-17',NULL),(620,25,'哈哈','2017-03-20',NULL),(621,25,'2017-03-22','2017-03-22',NULL),(622,25,'2017-03-24','2017-03-24',NULL),(623,25,'2017-04-03','2017-04-03',NULL),(624,25,'2017-04-05','2017-04-05',NULL),(625,25,'2017-04-07','2017-04-07',NULL),(626,25,'2017-04-10','2017-04-10',NULL),(627,25,'2017-04-12','2017-04-12',NULL),(628,25,'2017-04-14','2017-04-14',NULL),(629,26,'计算器','2017-02-27',NULL),(630,26,'2017-03-01','2017-03-01',NULL),(631,26,'2017-03-03','2017-03-03',NULL),(632,26,'电脑','2017-03-06',NULL),(633,26,'2017-03-08','2017-03-08',NULL),(634,26,'2017-03-10','2017-03-10',NULL),(635,26,'2017-03-13','2017-03-13',NULL),(636,26,'2017-03-15','2017-03-15',NULL),(637,26,'2017-03-17','2017-03-17',NULL),(638,26,'2017-03-20','2017-03-20',NULL),(639,26,'2017-03-22','2017-03-22',NULL),(640,26,'2017-03-24','2017-03-24',NULL),(641,26,'2017-03-27','2017-03-27',NULL),(642,26,'2017-03-29','2017-03-29',NULL),(643,26,'2017-03-31','2017-03-31',NULL),(644,26,'哈哈','2017-04-10',NULL),(645,26,'2017-04-12','2017-04-12',NULL),(646,26,'2017-04-14','2017-04-14',NULL),(668,28,'啊郭德纲','2017-03-06','的首发式地方'),(669,28,'士大夫敢死','2017-03-07','重新更新'),(670,28,'先初步形成v不','2017-03-10','地方官大使馆'),(671,28,'2017-03-13','2017-03-13','哈哈'),(672,28,'2017-03-14','2017-03-14','发的是公司'),(673,28,'下次v不惜成本vv下次','2017-03-17',''),(674,28,'2017-03-20','2017-03-20',''),(675,28,'发生的故事的风格十分带感','2017-03-21',''),(676,28,'2017-03-24','2017-03-24',''),(677,28,'法山豆根','2017-03-27',''),(678,28,'2017-03-28','2017-03-28',''),(679,28,'收费的广泛','2017-03-31',''),(740,31,'第三方','2017-08-28','发大水个'),(741,31,'范德萨','2017-08-29','2017-08-29'),(742,31,'2017-09-01','2017-09-01','2017-09-01'),(743,31,'表现出','2017-09-04','富商大贾'),(744,31,'2017-09-05','2017-09-05','2017-09-05'),(745,31,'2017-09-08','2017-09-08','2017-09-08'),(746,31,'2017-09-11','2017-09-11','2017-09-11'),(747,31,'2017-09-12','2017-09-12','2017-09-12'),(748,31,'2017-09-15','2017-09-15','2017-09-15'),(749,31,'2017-09-18','2017-09-18','2017-09-18'),(750,31,'2017-09-19','2017-09-19','2017-09-19'),(751,31,'2017-09-22','2017-09-22','2017-09-22'),(752,31,'2017-10-02','2017-10-02','2017-10-02'),(753,31,'犯得上广泛','2017-10-03','发电工单是否给'),(754,31,'2017-10-06','2017-10-06','2017-10-06'),(755,31,'2017-10-09','2017-10-09','2017-10-09'),(756,31,'2017-10-10','2017-10-10','2017-10-10'),(757,31,'2017-10-13','2017-10-13','2017-10-13'),(758,31,'2017-10-16','2017-10-16','2017-10-16'),(759,31,'2017-10-17','2017-10-17','2017-10-17'),(760,31,'2017-10-20','2017-10-20','2017-10-20'),(761,31,'2017-10-23','2017-10-23','2017-10-23'),(762,31,'2017-10-24','2017-10-24','2017-10-24'),(763,31,'2017-10-27','2017-10-27','2017-10-27'),(764,31,'2017-10-30','2017-10-30','2017-10-30'),(765,31,'2017-10-31','2017-10-31','2017-10-31'),(766,31,'2017-11-03','2017-11-03','2017-11-03'),(767,31,'2017-11-06','2017-11-06','2017-11-06'),(768,31,'2017-11-07','2017-11-07','2017-11-07'),(769,31,'2017-11-10','2017-11-10','2017-11-10'),(770,32,'幅度高达','2017-02-27',''),(771,32,'2017-03-01','2017-03-01',''),(772,32,'2017-03-13','2017-03-13',''),(773,32,'2017-03-15','2017-03-15',''),(774,32,'2017-03-20','2017-03-20',''),(775,32,'2017-03-22','2017-03-22',''),(776,32,'2017-03-27','2017-03-27',''),(777,32,'2017-03-29','2017-03-29',''),(778,32,'那边没那么忙','2017-04-03',''),(779,32,'2017-04-05','2017-04-05',''),(780,32,'2017-04-10','2017-04-10',''),(781,32,'2017-04-12','2017-04-12',''),(782,32,'2017-04-17','2017-04-17',''),(783,32,'2017-04-19','2017-04-19',''),(784,32,'2017-04-24','2017-04-24',''),(785,32,'2017-04-26','2017-04-26',''),(786,32,'弄不明白','2017-05-01',''),(787,32,'2017-05-03','2017-05-03',''),(788,32,'2017-05-08','2017-05-08',''),(789,32,'2017-05-10','2017-05-10',''),(790,33,'2017-02-27','2017-02-27','2017-02-27'),(791,33,'2017-02-28','2017-02-28','2017-02-28'),(792,33,'2017-03-06','2017-03-06','2017-03-06'),(793,33,'和规范化','2017-03-07','风格'),(794,33,'2017-03-13','2017-03-13','2017-03-13'),(795,33,'2017-03-14','2017-03-14','2017-03-14'),(796,33,'2017-03-27','2017-03-27','2017-03-27'),(797,33,'2017-03-28','2017-03-28','2017-03-28'),(798,33,'2017-04-03','2017-04-03','2017-04-03'),(799,33,'2017-04-04','2017-04-04','2017-04-04'),(800,33,'2017-04-10','2017-04-10','2017-04-10'),(801,33,'规范化','2017-04-11','是个人特色人'),(802,33,'2017-04-17','2017-04-17','2017-04-17'),(803,33,'2017-04-18','2017-04-18','2017-04-18'),(804,33,'2017-04-24','2017-04-24','2017-04-24'),(805,33,'2017-04-25','2017-04-25','2017-04-25'),(806,33,'2017-05-01','2017-05-01','2017-05-01'),(807,33,'2017-05-02','2017-05-02','2017-05-02'),(808,33,'2017-05-08','2017-05-08','2017-05-08'),(809,33,'2017-05-09','2017-05-09','2017-05-09'),(810,34,'2017-02-27','2017-02-27','2017-02-27'),(811,34,'发的是公司','2017-02-28','发大水个但是'),(812,34,'2017-03-03','2017-03-03','2017-03-03'),(813,34,'2017-03-06','2017-03-06','2017-03-06'),(814,34,'2017-03-07','2017-03-07','2017-03-07'),(815,34,'2017-03-10','2017-03-10','2017-03-10'),(816,34,'发大水个','2017-03-13','豆腐干豆腐干'),(817,34,'2017-03-14','2017-03-14','2017-03-14'),(818,34,'2017-03-17','2017-03-17','2017-03-17'),(819,34,'2017-03-20','2017-03-20','2017-03-20'),(820,34,'2017-03-21','2017-03-21','2017-03-21'),(821,34,'2017-03-24','2017-03-24','2017-03-24'),(822,34,'2017-03-27','2017-03-27','2017-03-27'),(823,34,'2017-03-28','2017-03-28','2017-03-28'),(824,34,'2017-03-31','2017-03-31','2017-03-31'),(825,34,'大范甘迪','2017-04-10','非官方大哥'),(826,34,'2017-04-11','2017-04-11','2017-04-11'),(827,34,'2017-04-14','2017-04-14','2017-04-14'),(828,36,'的萨芬','2017-02-27','2017-02-27'),(829,36,'2017-03-03','2017-03-03','2017-03-03'),(830,36,'2017-03-06','2017-03-06','2017-03-06'),(831,36,'2017-03-10','2017-03-10','发大水个'),(832,36,'2017-03-13','2017-03-13','2017-03-13'),(833,36,'2017-03-17','2017-03-17','2017-03-17'),(834,36,'2017-03-27','2017-03-27','2017-03-27'),(835,36,'2017-03-31','2017-03-31','岁的法国'),(836,36,'2017-04-03','2017-04-03','2017-04-03'),(837,36,'富商大贾','2017-04-07','2017-04-07'),(838,36,'2017-04-10','2017-04-10','2017-04-10'),(839,36,'2017-04-14','2017-04-14','2017-04-14'),(840,36,'2017-04-17','2017-04-17','2017-04-17'),(841,36,'2017-04-21','2017-04-21','2017-04-21'),(842,36,'2017-04-24','2017-04-24','2017-04-24'),(843,36,'2017-04-28','2017-04-28','2017-04-28'),(844,36,'2017-05-01','2017-05-01','2017-05-01'),(845,36,'2017-05-05','2017-05-05','2017-05-05'),(846,36,'2017-05-08','2017-05-08','2017-05-08'),(847,36,'2017-05-12','2017-05-12','2017-05-12'),(848,36,'2017-05-15','2017-05-15','2017-05-15'),(849,36,'2017-05-19','2017-05-19','2017-05-19'),(850,36,'2017-05-22','2017-05-22','2017-05-22'),(851,36,'2017-05-26','2017-05-26','2017-05-26'),(852,36,'2017-05-29','2017-05-29','2017-05-29'),(853,36,'2017-06-02','2017-06-02','2017-06-02'),(854,36,'2017-06-05','2017-06-05','2017-06-05'),(855,36,'2017-06-09','2017-06-09','2017-06-09'),(924,55,'水电费','2017-08-28','2017-08-28'),(925,55,'2017-08-31','2017-08-31','2017-08-31'),(926,55,'2017-09-04','2017-09-04','2017-09-04'),(927,55,'2017-09-07','2017-09-07','2017-09-07'),(928,55,'2017-09-11','2017-09-11','2017-09-11'),(929,55,'2017-09-14','2017-09-14','2017-09-14'),(930,55,'2017-09-18','2017-09-18','2017-09-18'),(931,55,'2017-09-21','2017-09-21','大师傅'),(932,55,'2017-10-02','2017-10-02','2017-10-02'),(933,55,'2017-10-05','2017-10-05','2017-10-05'),(934,55,'2017-10-09','2017-10-09','2017-10-09'),(935,55,'2017-10-12','2017-10-12','2017-10-12'),(936,55,'2017-10-16','2017-10-16','2017-10-16'),(937,55,'2017-10-19','2017-10-19','2017-10-19'),(938,55,'2017-10-23','2017-10-23','2017-10-23'),(939,55,'电视费','2017-10-26','2017-10-26'),(940,55,'2017-10-30','2017-10-30','2017-10-30'),(941,55,'2017-11-02','2017-11-02','史蒂芬孙多发点'),(942,55,'2017-11-06','2017-11-06','2017-11-06'),(943,55,'2017-11-09','2017-11-09','2017-11-09'),(944,55,'2017-11-13','2017-11-13','2017-11-13'),(945,55,'水电费是否对','2017-11-16','酷虎有'),(946,56,'2017-08-28','2017-08-28','2017-08-28'),(947,56,'2017-08-30','2017-08-30','2017-08-30'),(948,56,'电视费','2017-09-04','2017-09-04'),(949,56,'2017-09-06','2017-09-06','2017-09-06'),(950,56,'2017-09-18','2017-09-18','2017-09-18'),(951,56,'2017-09-20','2017-09-20','2017-09-20'),(952,56,'2017-09-25','2017-09-25','2017-09-25'),(953,56,'2017-09-27','2017-09-27','2017-09-27'),(954,56,'2017-10-02','2017-10-02','2017-10-02'),(955,56,'2017-10-04','2017-10-04','2017-10-04'),(956,56,'2017-10-09','2017-10-09','2017-10-09'),(957,56,'2017-10-11','2017-10-11','士大夫'),(958,56,'2017-10-16','2017-10-16','2017-10-16'),(959,56,'2017-10-18','2017-10-18','2017-10-18'),(960,56,'2017-10-23','2017-10-23','2017-10-23'),(961,56,'2017-10-25','2017-10-25','2017-10-25'),(962,56,'2017-10-30','2017-10-30','2017-10-30'),(963,56,'2017-11-01','2017-11-01','2017-11-01'),(964,56,'2017-11-06','2017-11-06','2017-11-06'),(965,56,'2017-11-08','2017-11-08','2017-11-08'),(966,56,'2017-11-13','2017-11-13','2017-11-13'),(967,56,'2017-11-15','2017-11-15','2017-11-15'),(968,57,'电饭锅','2017-08-28','发的规范的'),(969,57,'2017-08-31','2017-08-31','2017-08-31'),(970,57,'2017-09-04','2017-09-04','2017-09-04'),(971,57,'2017-09-07','2017-09-07','2017-09-07'),(972,57,'2017-09-18','2017-09-18','2017-09-18'),(973,57,'2017-09-21','2017-09-21','2017-09-21'),(974,57,'的非官方的','2017-09-25','风格的鬼地方'),(975,57,'2017-09-28','2017-09-28','2017-09-28'),(976,57,'2017-10-02','2017-10-02','2017-10-02'),(977,57,'2017-10-05','2017-10-05','2017-10-05'),(978,57,'2017-10-09','2017-10-09','2017-10-09'),(979,57,'2017-10-12','2017-10-12','2017-10-12'),(980,57,'梵蒂冈的风格','2017-10-16','已投入以艰苦'),(981,57,'2017-10-19','2017-10-19','2017-10-19'),(982,57,'2017-10-23','2017-10-23','2017-10-23'),(983,57,'2017-10-26','2017-10-26','2017-10-26'),(984,57,'2017-10-30','2017-10-30','2017-10-30'),(985,57,'2017-11-02','2017-11-02','2017-11-02'),(986,57,'就呵护健康','2017-11-06','法国恢复和法国'),(987,57,'2017-11-09','2017-11-09','2017-11-09'),(988,57,'2017-11-13','2017-11-13','2017-11-13'),(989,57,'规范和规范化','2017-11-16','个符合符合'),(1006,60,'PHP学习','2017-09-04','PHP练习'),(1007,60,'2017-09-06','2017-09-06','2017-09-06'),(1008,60,'2017-09-08','2017-09-08','2017-09-08'),(1009,60,'2017-09-11','2017-09-11','2017-09-11'),(1010,60,'2017-09-13','2017-09-13','2017-09-13'),(1011,60,'2017-09-15','2017-09-15','2017-09-15'),(1012,60,'2017-09-25','2017-09-25','2017-09-25'),(1013,60,'2017-09-27','2017-09-27','2017-09-27'),(1014,60,'2017-09-29','2017-09-29','2017-09-29'),(1015,60,'PHP学习2','2017-10-02','PHP学习3'),(1016,60,'2017-10-04','2017-10-04','2017-10-04'),(1017,60,'2017-10-06','2017-10-06','2017-10-06'),(1018,60,'2017-10-09','2017-10-09','2017-10-09'),(1019,60,'2017-10-11','2017-10-11','2017-10-11'),(1020,60,'2017-10-13','2017-10-13','2017-10-13'),(1021,60,'2017-10-16','2017-10-16','2017-10-16'),(1022,60,'2017-10-18','2017-10-18','2017-10-18'),(1023,60,'2017-10-20','2017-10-20','2017-10-20'),(1024,60,'2017-10-23','2017-10-23','2017-10-23'),(1025,60,'2017-10-25','2017-10-25','2017-10-25'),(1026,60,'2017-10-27','2017-10-27','2017-10-27'),(1027,60,'2017-10-30','2017-10-30','2017-10-30'),(1028,60,'2017-11-01','2017-11-01','2017-11-01'),(1029,60,'2017-11-03','2017-11-03','2017-11-03'),(1030,60,'2017-11-06','2017-11-06','2017-11-06'),(1031,60,'2017-11-08','2017-11-08','2017-11-08'),(1032,60,'2017-11-10','2017-11-10','2017-11-10'),(1033,60,'2017-11-13','2017-11-13','2017-11-13'),(1034,60,'2017-11-15','2017-11-15','2017-11-15'),(1035,60,'2017-11-17','2017-11-17','2017-11-17'),(1036,60,'2017-11-20','2017-11-20','2017-11-20'),(1037,60,'2017-11-22','2017-11-22','2017-11-22'),(1038,60,'2017-11-24','2017-11-24','2017-11-24'),(1039,61,'传销自残','2016-08-29','2016-08-29'),(1040,61,'2016-08-31','2016-08-31','现在才'),(1041,61,'2016-09-05','2016-09-05','2016-09-05'),(1042,61,'2016-09-07','2016-09-07','2016-09-07'),(1043,61,'2016-09-12','2016-09-12','2016-09-12'),(1044,61,'2016-09-14','2016-09-14','2016-09-14'),(1045,61,'2016-09-19','2016-09-19','2016-09-19'),(1046,61,'2016-09-21','2016-09-21','2016-09-21'),(1047,61,'2016-09-26','2016-09-26','2016-09-26'),(1048,61,'2016-09-28','2016-09-28','2016-09-28'),(1049,61,'卸载重装','2016-10-10','新政策执行'),(1050,61,'2016-10-12','2016-10-12','2016-10-12'),(1051,61,'2016-10-17','2016-10-17','2016-10-17'),(1052,61,'2016-10-19','2016-10-19','2016-10-19'),(1053,61,'2016-10-24','2016-10-24','2016-10-24'),(1054,61,'新政策执行','2016-10-26','现场协助查询'),(1055,61,'2016-10-31','2016-10-31','2016-10-31'),(1056,61,'2016-11-02','2016-11-02','2016-11-02'),(1057,61,'2016-11-07','2016-11-07','2016-11-07'),(1058,61,'2016-11-09','2016-11-09','2016-11-09'),(1059,61,'2016-11-14','2016-11-14','2016-11-14'),(1060,61,'现在出现在','2016-11-16','风格化法国'),(1061,63,'2017-09-04','2017-09-04','2017-09-04'),(1062,63,'2017-09-07','2017-09-07','2017-09-07'),(1063,63,'2017-09-11','2017-09-11','2017-09-11'),(1064,63,'2017-09-14','2017-09-14','2017-09-14'),(1065,63,'2017-09-18','2017-09-18','2017-09-18'),(1066,63,'2017-09-21','2017-09-21','2017-09-21'),(1067,63,'2017-09-25','2017-09-25','2017-09-25'),(1068,63,'2017-09-28','2017-09-28','2017-09-28'),(1069,63,'2017-10-02','2017-10-02','2017-10-02'),(1070,63,'2017-10-05','2017-10-05','2017-10-05'),(1071,63,'2017-10-16','2017-10-16','2017-10-16'),(1072,63,'2017-10-19','2017-10-19','2017-10-19'),(1073,63,'2017-10-23','2017-10-23','2017-10-23'),(1074,63,'2017-10-26','2017-10-26','2017-10-26'),(1075,63,'2017-10-30','2017-10-30','2017-10-30'),(1076,63,'2017-11-02','2017-11-02','2017-11-02'),(1077,63,'2017-11-06','2017-11-06','2017-11-06'),(1078,63,'2017-11-09','2017-11-09','2017-11-09'),(1079,63,'2017-11-13','2017-11-13','2017-11-13'),(1080,63,'2017-11-16','2017-11-16','2017-11-16'),(1081,63,'2017-11-20','2017-11-20','2017-11-20'),(1082,63,'2017-11-23','2017-11-23','2017-11-23'),(1123,65,'哈哈','2017-09-04','吓唬我'),(1124,65,'2017-09-05','2017-09-05','2017-09-05'),(1125,65,'2017-09-11','2017-09-11','2017-09-11'),(1126,65,'吓唬我44','2017-09-12','2017-09-12'),(1127,65,'吓唬我33','2017-09-18','2017-09-18'),(1128,65,'吓唬我11','2017-09-19','2017-09-19'),(1129,65,'吓唬我2','2017-10-02','吓唬我'),(1130,65,'2017-10-03','2017-10-03','2017-10-03'),(1131,65,'2017-10-09','2017-10-09','2017-10-09'),(1132,65,'2017-10-10','2017-10-10','2017-10-10'),(1133,65,'吓唬我343','2017-10-16','2017-10-16'),(1134,65,'2017-10-17','2017-10-17','2017-10-17'),(1135,65,'公司分管','2017-10-23','2017-10-23'),(1136,65,'打发手动阀','2017-10-24','高富帅'),(1137,65,'2017-10-30','2017-10-30','2017-10-30'),(1138,65,'2017-10-31','2017-10-31','2017-10-31'),(1139,65,'多发点','2017-11-06','史蒂芬孙f'),(1140,65,'2017-11-07','2017-11-07','2017-11-07'),(1141,65,'2017-11-13','2017-11-13','2017-11-13'),(1142,65,'2017-11-14','2017-11-14','2017-11-14'),(1143,65,'胜多负少的','2017-11-20','2017-11-20'),(1144,65,'2017-11-21','2017-11-21','2017-11-21'),(1145,65,'2017-11-27','2017-11-27','2017-11-27'),(1146,65,'2017-11-28','2017-11-28','2017-11-28'),(1147,65,'2017-12-04','2017-12-04','2017-12-04'),(1148,65,'2017-12-05','2017-12-05','2017-12-05'),(1149,65,'2017-12-11','2017-12-11','2017-12-11'),(1150,65,'2017-12-12','2017-12-12','2017-12-12'),(1151,65,'2017-12-18','2017-12-18','2017-12-18'),(1152,65,'2017-12-19','2017-12-19','2017-12-19'),(1153,65,'2017-12-25','2017-12-25','2017-12-25'),(1154,65,'2017-12-26','2017-12-26','2017-12-26'),(1155,65,'2018-01-01','2018-01-01','2018-01-01'),(1156,65,'2018-01-02','2018-01-02','2018-01-02'),(1157,65,'2018-01-08','2018-01-08','2018-01-08'),(1158,65,'2018-01-09','2018-01-09','2018-01-09'),(1159,65,'2018-01-15','2018-01-15','2018-01-15'),(1160,65,'2018-01-16','2018-01-16','2018-01-16'),(1161,65,'2018-01-22','2018-01-22','2018-01-22'),(1162,65,'2018-01-23','2018-01-23','2018-01-23'),(1163,66,'2017-08-28','2017-08-28','2017-08-28'),(1164,66,'士大夫的','2017-08-30','富达公司'),(1165,66,'2017-09-04','2017-09-04','2017-09-04'),(1166,66,'2017-09-06','2017-09-06','2017-09-06'),(1167,66,'2017-09-11','2017-09-11','2017-09-11'),(1168,66,'发的是公司','2017-09-13','犯得上广泛s'),(1169,66,'2017-09-25','2017-09-25','2017-09-25'),(1170,66,'2017-09-27','2017-09-27','2017-09-27'),(1171,66,'2017-10-02','2017-10-02','2017-10-02'),(1172,66,'2017-10-04','2017-10-04','2017-10-04'),(1173,66,'发生的故事的风格十分带感','2017-10-09','分的思索给'),(1174,66,'2017-10-11','2017-10-11','2017-10-11'),(1175,66,'2017-10-16','2017-10-16','2017-10-16'),(1176,66,'2017-10-18','2017-10-18','2017-10-18'),(1177,66,'2017-10-23','2017-10-23','2017-10-23'),(1178,66,'2017-10-25','2017-10-25','2017-10-25'),(1179,66,'2017-10-30','2017-10-30','2017-10-30'),(1180,66,'2017-11-01','2017-11-01','2017-11-01'),(1181,66,'2017-11-06','2017-11-06','2017-11-06'),(1182,66,'2017-11-08','2017-11-08','2017-11-08'),(1183,67,'手动阀','2017-09-04','电风扇广泛大锅饭回复'),(1184,67,'2017-09-05','2017-09-05','2017-09-05'),(1185,67,'2017-09-07','2017-09-07','2017-09-07'),(1186,67,'2017-09-11','2017-09-11','2017-09-11'),(1187,67,'从v不错v不错v','2017-09-12','会根据每个'),(1188,67,'2017-09-14','2017-09-14','2017-09-14'),(1189,67,'2017-09-18','2017-09-18','2017-09-18'),(1190,67,'2017-09-19','2017-09-19','2017-09-19'),(1191,67,'想不出v不咸不淡','2017-09-21','出报告发给'),(1192,67,'2017-10-02','2017-10-02','2017-10-02'),(1193,67,'2017-10-03','2017-10-03','2017-10-03'),(1194,67,'2017-10-05','2017-10-05','2017-10-05'),(1195,67,'2017-10-09','2017-10-09','2017-10-09'),(1196,67,'2017-10-10','2017-10-10','2017-10-10'),(1197,67,'2017-10-12','2017-10-12','2017-10-12'),(1198,67,'发表消防官兵','2017-10-16','刚发布效果不行'),(1199,67,'2017-10-17','2017-10-17','2017-10-17'),(1200,67,'2017-10-19','2017-10-19','2017-10-19'),(1201,67,'2017-10-23','2017-10-23','2017-10-23'),(1202,67,'2017-10-24','2017-10-24','2017-10-24'),(1203,67,'2017-10-26','2017-10-26','2017-10-26'),(1204,67,'2017-10-30','2017-10-30','2017-10-30'),(1205,67,'2017-10-31','2017-10-31','2017-10-31'),(1206,67,'2017-11-02','2017-11-02','2017-11-02'),(1207,67,'2017-11-06','2017-11-06','2017-11-06'),(1208,67,'西北方向','2017-11-07','鬼不像鬼b'),(1209,67,'2017-11-09','2017-11-09','2017-11-09'),(1210,67,'2017-11-13','2017-11-13','2017-11-13'),(1211,67,'2017-11-14','2017-11-14','2017-11-14'),(1212,67,'更新版本','2017-11-16','不许百姓点灯'),(1213,68,'梵蒂冈','2017-09-04','的覆盖广泛'),(1214,68,'梵蒂冈','2017-09-05','的覆盖广泛'),(1215,68,'第三方','2017-09-08','的覆盖广泛'),(1216,68,'梵蒂冈','2017-09-11','的覆盖广泛'),(1217,68,'梵蒂冈','2017-09-12','的覆盖广泛'),(1218,68,'梵蒂冈','2017-09-15','的覆盖广泛'),(1219,68,'梵蒂冈','2017-09-18','2犯嘀咕'),(1220,68,'梵蒂冈','2017-09-19','的覆盖广泛'),(1221,68,'梵蒂冈','2017-09-22','的覆盖广泛'),(1222,68,'梵蒂冈','2017-09-25','2017-09-25'),(1223,68,'梵蒂冈','2017-09-26','2017-09-26'),(1224,68,'豆腐干大概','2017-09-29','2017-09-29'),(1225,68,'2017-10-09','2017-10-09','2017-10-09'),(1226,68,'2017-10-10','2017-10-10','2017-10-10'),(1227,68,'2017-10-13','2017-10-13','2017-10-13'),(1228,68,'2017-10-16','2017-10-16','2017-10-16'),(1229,68,'2017-10-17','2017-10-17','2017-10-17'),(1230,68,'梵蒂冈','2017-10-20','的覆盖广泛'),(1231,68,'梵蒂冈','2017-10-23','的覆盖广泛'),(1232,68,'梵蒂冈','2017-10-24','梵蒂冈'),(1233,68,'梵蒂冈','2017-10-27','的覆盖广泛'),(1234,68,'梵蒂冈','2017-10-30','的覆盖广泛'),(1235,68,'2017-10-31','2017-10-31','2017-10-31'),(1236,68,'2017-11-03','2017-11-03','2017-11-03'),(1237,68,'2017-11-06','2017-11-06','2017-11-06'),(1238,68,'2017-11-07','2017-11-07','2017-11-07'),(1239,68,'2017-11-10','2017-11-10','2017-11-10'),(1240,68,'梵蒂冈','2017-11-13','梵蒂冈'),(1241,68,'梵蒂冈','2017-11-14','的覆盖广泛'),(1242,68,'2017-11-17','2017-11-17','的覆盖广泛'),(1243,69,'2018-09-10','2018-09-10','2018-09-10'),(1244,69,'2018-09-11','2018-09-11','2018-09-11'),(1245,69,'2018-09-12','2018-09-12','2018-09-12'),(1246,69,'2018-09-17','2018-09-17','2018-09-17'),(1247,69,'第三方','2018-09-18','舒服的'),(1248,69,'2018-09-19','2018-09-19','水电费'),(1249,69,'2018-10-01','2018-10-01','2018-10-01'),(1250,69,'2018-10-02','2018-10-02','2018-10-02'),(1251,69,'2018-10-03','2018-10-03','2018-10-03'),(1252,69,'2018-10-08','2018-10-08','2018-10-08'),(1253,69,'2018-10-09','2018-10-09','2018-10-09'),(1254,69,'2018-10-10','2018-10-10','2018-10-10'),(1255,69,'2018-10-15','2018-10-15','2018-10-15'),(1256,69,'2018-10-16','2018-10-16','2018-10-16'),(1257,69,'2018-10-17','2018-10-17','2018-10-17'),(1258,69,'2018-10-22','2018-10-22','2018-10-22'),(1259,69,'2018-10-23','2018-10-23','2018-10-23'),(1260,69,'2018-10-24','2018-10-24','2018-10-24'),(1261,69,'2018-10-29','2018-10-29','2018-10-29'),(1262,69,'2018-10-30','2018-10-30','2018-10-30'),(1263,69,'2018-10-31','2018-10-31','2018-10-31'),(1264,69,'2018-11-05','2018-11-05','2018-11-05'),(1265,69,'2018-11-06','2018-11-06','2018-11-06'),(1266,69,'2018-11-07','2018-11-07','2018-11-07'),(1267,69,'2018-11-12','2018-11-12','2018-11-12'),(1268,69,'第三方','2018-11-13','好好管管g'),(1269,69,'2018-11-14','2018-11-14','2018-11-14'),(1270,69,'2018-11-19','2018-11-19','2018-11-19'),(1271,69,'2018-11-20','2018-11-20','2018-11-20'),(1272,69,'2018-11-21','2018-11-21','2018-11-21'),(1273,69,'2018-11-26','2018-11-26','2018-11-26'),(1274,69,'2018-11-27','2018-11-27','2018-11-27'),(1275,69,'2018-11-28','2018-11-28','2018-11-28'),(1276,69,'2018-12-03','2018-12-03','2018-12-03'),(1277,69,'风格化风格化发货','2018-12-04','规范化风格和'),(1278,69,'2018-12-05','2018-12-05','2018-12-05'),(1279,69,'2018-12-10','2018-12-10','2018-12-10'),(1280,69,'2018-12-11','2018-12-11','2018-12-11'),(1281,69,'规范化','2018-12-12','规范化风格和'),(1282,70,'网页联系','2017-09-04','网页练习'),(1283,70,'2017-09-05','2017-09-05','2017-09-05'),(1284,70,'2017-09-08','2017-09-08','2017-09-08'),(1285,70,'网页联系','2017-09-11','网页练习'),(1286,70,'2017-09-12','2017-09-12','2017-09-12'),(1287,70,'2017-09-15','2017-09-15','2017-09-15'),(1288,70,'2017-09-18','2017-09-18','2017-09-18'),(1289,70,'2017-09-19','2017-09-19','2017-09-19'),(1290,70,'2017-09-22','2017-09-22','2017-09-22'),(1291,70,'2017-09-25','2017-09-25','2017-09-25'),(1292,70,'2017-09-26','2017-09-26','2017-09-26'),(1293,70,'2017-09-29','2017-09-29','2017-09-29'),(1294,70,'网页练习','2017-10-09','网页练习'),(1295,70,'2017-10-10','2017-10-10','2017-10-10'),(1296,70,'2017-10-13','2017-10-13','2017-10-13'),(1297,70,'网页练习','2017-10-16','网页练习'),(1298,70,'2017-10-17','2017-10-17','2017-10-17'),(1299,70,'2017-10-20','2017-10-20','2017-10-20'),(1300,70,'2017-10-23','2017-10-23','2017-10-23'),(1301,70,'2017-10-24','2017-10-24','2017-10-24'),(1302,70,'2017-10-27','2017-10-27','2017-10-27'),(1303,70,'2017-10-30','2017-10-30','2017-10-30'),(1304,70,'2017-10-31','2017-10-31','2017-10-31'),(1305,70,'2017-11-03','2017-11-03','2017-11-03'),(1306,70,'2017-11-06','2017-11-06','2017-11-06'),(1307,70,'2017-11-07','2017-11-07','2017-11-07'),(1308,70,'网页练习','2017-11-10','网页练习'),(1309,70,'2017-11-13','2017-11-13','2017-11-13'),(1310,70,'2017-11-14','2017-11-14','2017-11-14'),(1311,70,'网页练习','2017-11-17','网页练习');

#
# Structure for table "teacher"
#

DROP TABLE IF EXISTS `teacher`;
CREATE TABLE `teacher` (
  `tea_id` int(11) NOT NULL AUTO_INCREMENT,
  `DepartNo` char(2) NOT NULL,
  `tea_name` varchar(50) NOT NULL DEFAULT '',
  `Pwd` varchar(50) NOT NULL DEFAULT '',
  PRIMARY KEY (`tea_id`),
  KEY `DepartNo` (`DepartNo`)
) ENGINE=MyISAM AUTO_INCREMENT=6 DEFAULT CHARSET=utf8 ROW_FORMAT=FIXED;

#
# Data for table "teacher"
#

/*!40000 ALTER TABLE `teacher` DISABLE KEYS */;
INSERT INTO `teacher` VALUES (1,'01','张健','ken7411'),(2,'02','王振坤','wzk'),(3,'03','陈维','cw'),(4,'00','admin','admin'),(900,'','root','root');
/*!40000 ALTER TABLE `teacher` ENABLE KEYS */;
